z,H_ratio_central,H_ratio_min,H_ratio_max,dmu_central,dmu_min,dmu_max
0.0,1.0246958084548858,1.0206213384768008,1.029563888176938,-0.052974798585875504,-0.06326650669742762,-0.04432322016648982
0.005008347245409015,1.0245986369248947,1.0205318534587497,1.0294723810351087,-0.05287194767770842,-0.06317010963489622,-0.044228127416957363
0.01001669449081803,1.0245017858904344,1.020442382689731,1.029381798405266,-0.052769393022252586,-0.06307442761569604,-0.044133110326136205
0.015025041736227044,1.0244052752598394,1.0203529381238592,1.0292921681409624,-0.05266714544369222,-0.06297947492646472,-0.04403817580506342
0.02003338898163606,1.0243091250053928,1.0202635317246445,1.0292035180681909,-0.05256521575704198,-0.06288526578675402,-0.04394333074715462
0.025041736227045076,1.0242133551612522,1.0201741754637963,1.0291158759790409,-0.05246361476686445,-0.06279181434623382,-0.04384858202747921
0.030050083472454088,1.0241179858214335,1.0200848813201109,1.029029269625377,-0.0523623532660622,-0.06269913468198496,-0.04375393650204984
0.035058430717863104,1.0240230371378563,1.0199956612784526,1.0289437267125436,-0.05226144203465566,-0.06260724079582758,-0.0436594010071758
0.04006677796327212,1.0239285293184521,1.0199065273288268,1.0288592748930983,-0.05216089183866046,-0.06251614661162819,-0.04356498235885198
0.045075125208681135,1.0238344826253214,1.0198174914655371,1.0287759417605649,-0.052060713428879524,-0.06242586597270616,-0.04347068735211934
0.05008347245409015,1.0237409173729553,1.0197285656864428,1.0286937548432147,-0.05196091753985854,-0.06233641263920475,-0.04337652276056758
0.05509181969949917,1.0236478539265128,1.0196397619922997,1.0286127415978699,-0.05186151488874913,-0.06224780028555443,-0.043282495335773774
0.060100166944908176,1.0235553127001473,1.0195510923862006,1.0285329294037322,-0.05176251617428562,-0.06216004249790075,-0.04318861180684763
0.0651085141903172,1.0234633141553926,1.019462568873102,1.0284543455562332,-0.05166393207570508,-0.06207315277163161,-0.043094878879941234
0.07011686143572621,1.0233718787995945,1.0193742034594486,1.0283770172609066,-0.05156577325181644,-0.061987144508918846,-0.04300130323789375
0.07512520868113523,1.0232810271843975,1.0192860081528854,1.028300971627282,-0.051468050339963156,-0.061902031016209946,-0.042907891539812226
0.08013355592654424,1.0231907799042779,1.019197994962069,1.028226235662802,-0.051370773955078164,-0.06181782550186199,-0.042814650420716305
0.08514190317195325,1.0231011575951183,1.019110175896565,1.028152836266754,-0.05127395468877438,-0.06173454107378262,-0.042721586491254016
0.09015025041736227,1.0230121809328339,1.0190225629668428,1.0280808002242252,-0.05117760310844233,-0.061652190737042645,-0.04262870633745308
0.09515859766277128,1.0229238706320343,1.0189351681843601,1.0280101542000721,-0.05108172975632641,-0.06157078739155253,-0.04253601652039407
0.1001669449081803,1.022836247444728,1.0188480035617404,1.0279409247329097,-0.050986345148736234,-0.06149034382981711,-0.04244352357611092
0.10517529215358931,1.0227493321590622,1.018761081113043,1.0278731382291133,-0.050891459775151304,-0.0614108727346121,-0.04235123401531382
0.11018363939899833,1.0226631455980972,1.018674412854123,1.027806820956838,-0.05079708409745365,-0.061332386676845374,-0.04225915432334659
0.11519198664440734,1.0225777086186136,1.0185880108030834,1.0277419990400487,-0.050703228549103585,-0.061254898113254796,-0.042167290960016146
0.12020033388981635,1.0224930421099458,1.018501886980816,1.0276786984525619,-0.05060990353440786,-0.06117841938434054,-0.04207565035954275
0.12520868113522537,1.0224091669928448,1.018416053411633,1.0276169450121042,-0.05051711942770254,-0.061102962712126896,-0.04198423893051029
0.1302170283806344,1.0223261042183598,1.0183305221239884,1.0275567643743717,-0.050424886572720595,-0.061028540198151404,-0.04189306305588758
0.1352253756260434,1.0222438747667435,1.0182453051512823,1.0274981820271047,-0.05033321528177481,-0.060955163821290625,-0.04180212909299996
0.14023372287145242,1.0221624996463707,1.018160414532762,1.027441223284169,-0.050242115835146706,-0.06088284543579192,-0.041711443373642965
0.14524207011686144,1.0220819998926718,1.0180758623144999,1.0273859132796395,-0.050151598480340454,-0.06081159676918446,-0.04162101220413916
0.15025041736227046,1.022002396567075,1.0179916605504609,1.027332276961892,-0.05006167343147894,-0.06074142942032523,-0.041530841865444756
0.15525876460767946,1.021923710755955,1.0179078213036565,1.0272803390877003,-0.04997235086858609,-0.060672354857381094,-0.041440938613312994
0.16026711185308848,1.0218459635695833,1.0178243566473761,1.0272301242163313,-0.04988364093701847,-0.060604384415974266,-0.041351308678478915
0.1652754590984975,1.021769176141079,1.0177412786665052,1.0271816567036451,-0.04979555374681155,-0.06053752929716438,-0.041261958266865406
0.1702838063439065,1.0216933696253532,1.0176585994589247,1.027134960696196,-0.04970809937204734,-0.06047180056564372,-0.04117289355977505
0.17529215358931552,1.021618565198042,1.0175763311369828,1.027090060125329,-0.04962128785028597,-0.06040720914781872,-0.041084120714216965
0.18030050083472454,1.0215447840544314,1.0174944858290529,1.0270469787012801,-0.049535129181982995,-0.06034376583004075,-0.04099564586316262
0.18530884808013356,1.0214720474083623,1.0174130756811655,1.0270057399072698,-0.049449633329864184,-0.06028148125673738,-0.040907475115865566
0.19031719532554256,1.0214003764911121,1.0173321128587132,1.0269663669935962,-0.04936481021839256,-0.060220365928657316,-0.04081961455820249
0.19532554257095158,1.0213297925502558,1.0172516095482302,1.0269288829717216,-0.04928066973315026,-0.06016043020110118,-0.04073207025306402
0.2003338898163606,1.021260316848492,1.0171715779592456,1.0268933106083558,-0.04919722172036245,-0.060101684282230394,-0.040644848240717124
0.2053422370617696,1.0211919706624395,1.0170920303262037,1.0268596724195327,-0.04911447598622942,-0.06004413823129795,-0.0405579545392456
0.21035058430717862,1.021124775281391,1.0170129789104556,1.0268279906646836,-0.049032442296471856,-0.05998780195703546,-0.04047139514502618
0.21535893155258765,1.021058752006028,1.0169344360023151,1.0267982873406984,-0.048951130375698426,-0.059932685215919435,-0.04038517603309799
0.22036727879799667,1.020993922147083,1.0168564139231822,1.0267705841759855,-0.04887054990692263,-0.059878797610601,-0.04029930315775232
0.22537562604340566,1.020930307023957,1.0167789250277248,1.0267449026245212,-0.04879071053096595,-0.05982614858829294,-0.04021378245300866
0.2303839732888147,1.020867927963272,1.0167019817061254,1.026721263859892,-0.0487116218458894,-0.059774747439121256,-0.04012861983312632
0.2353923205342237,1.0208068062973672,1.0166255963863857,1.0266996887693287,-0.048633293406531664,-0.05972460329466145,-0.04004382119318706
0.2404006677796327,1.0207469633627297,1.0165497815366853,1.0266801979477365,-0.04855573472381991,-0.05967572512631136,-0.0399593924096564
0.24540901502504173,1.0206884204983506,1.0164745496677963,1.0266628116917103,-0.048478955264329215,-0.05962812174384169,-0.03987533934095211
0.25041736227045075,1.0206311990440091,1.0163999133355512,1.0266475499935515,-0.04840296444961467,-0.05958180179385408,-0.03979166782810495
0.25542570951585974,1.0205753203384749,1.0163258851433585,1.0266344325352703,-0.04832777165572111,-0.05953677375836719,-0.039708383695355565
0.2604340567612688,1.0205208057176267,1.0162524777447663,1.0266234786825876,-0.04825338621255071,-0.059493045953296075,-0.03962549275077265
0.2654424040066778,1.020467676512479,1.01617970384607,1.0266147074789265,-0.048179817403251946,-0.05945062652712352,-0.039543000786984805
0.2704507512520868,1.0204159540471165,1.0161075762089637,1.0266081376394007,-0.048107074463715094,-0.05940952345946471,-0.03946091358182002
0.27545909849749584,1.0203656596365296,1.01603610765323,1.0266037875447998,-0.04803516658182616,-0.05936974455960353,-0.03937923689891676
0.28046744574290483,1.0203168145843422,1.015965311059467,1.0266016752355707,-0.04796410289694819,-0.05933129746529886,-0.03929797648857658
0.2854757929883138,1.0202694401804362,1.0158951993718484,1.0266018184057961,-0.04789389249923204,-0.05929418964132083,-0.039217138088375236
0.2904841402337229,1.0202235576984577,1.015825785600917,1.0266042343971749,-0.047824544428983984,-0.059258428378235806,-0.039136727423951356
0.29549248747913187,1.0201791883932094,1.0157570828264058,1.0266089401929996,-0.04775606767597651,-0.05922402079103506,-0.03905675020966726
0.3005008347245409,1.020136353497917,1.0156891042000817,1.0266159524121432,-0.04768847117880881,-0.05919097381798366,-0.03897721214945449
0.3055091819699499,1.0200950742213681,1.015621862948615,1.0266252873030417,-0.047621763824125196,-0.059159294219270464,-0.03889811893751016
0.3105175292153589,1.020055371744924,1.0155553723764668,1.0266369607376906,-0.04755595444600402,-0.05912898857586413,-0.038819476259078556
0.31552587646076796,1.020017267219389,1.0154896458687908,1.0266509882056458,-0.04749105182509794,-0.0591000632883123,-0.03874128979125402
0.32053422370617696,1.019980781761742,1.015424696894349,1.0266673848080365,-0.04742706468796598,-0.05907252457556922,-0.038663565203712835
0.32554257095158595,1.019945936451724,1.0153605390084364,1.0266861652515917,-0.047364001706249326,-0.059046378473837535,-0.03858630815954456
0.330550918196995,1.0199127523282734,1.0152971858558086,1.0267073438426808,-0.047301871495889714,-0.05902163083548828,-0.03850952431605492
0.335559265442404,1.0198812503858103,1.0152346511736157,1.026730934481375,-0.04724068261625547,-0.058998287327924004,-0.038433219325511914
0.340567612687813,1.0198514515703598,1.015172948794329,1.0267569506555292,-0.0471804435693457,-0.058976353432555584,-0.03835739883597
0.34557595993322204,1.0198233767755194,1.015112092648668,1.0267854054348873,-0.04712116279888079,-0.05895583444372221,-0.03828206849210858
0.35058430717863104,1.0197970468382531,1.01505209676851,1.026816311465217,-0.04706284868941424,-0.05893673546773215,-0.038207233936006446
0.3555926544240401,1.0197724825345231,1.0149929752897937,1.0268496809624748,-0.04700550956538052,-0.05891906142177561,-0.038132900807916315
0.3606010016694491,1.0197497045747446,1.0149347424553994,1.0268855257070053,-0.046949153690157175,-0.058902817033043675,-0.03805907474711745
0.3656093489148581,1.0197287335990655,1.0148774126180102,1.0269238570377806,-0.04689378926509136,-0.058888006837804596,-0.0379857613927328
0.37061769616026713,1.019709590172467,1.0148210002429456,1.02696468584668,-0.04683942442842692,-0.05887463518038771,-0.03791296638443242
0.3756260434056761,1.0196922947796792,1.014765519910964,1.0270080225728155,-0.04678606725433099,-0.05886270621240186,-0.037840695363343
0.3806343906510851,1.019676867819913,1.0147109863210295,1.0270538771969107,-0.04673372575178547,-0.058852223891882716,-0.037768953972793895
0.38564273789649417,1.0196633296014022,1.01465741429304,1.0271022592357304,-0.04668240786350708,-0.05884319198240462,-0.03769774785906321
0.39065108514190316,1.0196517003357537,1.0146048187705077,1.0271531777365723,-0.04663212146471096,-0.058835614052306084,-0.037627082672209156
0.39565943238731216,1.0196420001321056,1.0145532148231922,1.0272066412718208,-0.04658287436208752,-0.05882949347397215,-0.037556964066851606
0.4006677796327212,1.0196342489910868,1.014502617649677,1.0272626579335682,-0.04653467429250924,-0.0588248334230741,-0.03748739770286136
0.4056761268781302,1.0196284667985809,1.0144530425798863,1.027321235328311,-0.04648752892182273,-0.058821636877830485,-0.03741838924621277
0.4106844741235392,1.0196246733192893,1.0144045050775365,1.0273823805717248,-0.04644144584353427,-0.05881990661839609,-0.037349944369609034
0.41569282136894825,1.019622888190091,1.0143570207425145,1.0274461002835171,-0.04639643257760895,-0.05881964522617267,-0.037282068753341946
0.42070116861435725,1.0196231309132042,1.0143106053131845,1.027512400582375,-0.046352496569021184,-0.05882085508327606,-0.03721476808587454
0.4257095158597663,1.0196254208491373,1.0142652746686054,1.0275812870810022,-0.046309645186489945,-0.05882353837188958,-0.037148048064686634
0.4307178631051753,1.0196297772094434,1.0142210448306663,1.0276527648812555,-0.046267885720965296,-0.05882769707375246,-0.037081914396779325
0.4357262103505843,1.0196362190492632,1.0141779319661248,1.027726838569387,-0.04622722538426416,-0.05883333296969795,-0.03701637279952763
0.44073455759599334,1.0196447652596656,1.0141359523885456,1.0278035122113947,-0.04618767130756396,-0.05884044763913465,-0.036951429001234715
0.44574290484140233,1.0196554345597826,1.0140951225601311,1.0278827893484896,-0.046149230539967334,-0.058849042459662826,-0.03688708874176427
0.4507512520868113,1.0196682454887394,1.0140554590934427,1.0279646729926823,-0.04611191004681814,-0.05885911860666937,-0.03682335777318002
0.4557595993322204,1.019683216397381,1.014016978752998,1.0280491656224997,-0.046075716708223524,-0.05887067705297255,-0.03676024186032123
0.4607679465776294,1.0197003654397945,1.0139796984567457,1.0281362691788303,-0.046040657317455214,-0.058883718568502275,-0.036697746781385376
0.46577629382303837,1.0197197105646316,1.0139436352774052,1.0282259850609117,-0.0460067385792442,-0.05889824372010111,-0.03663587832846815
0.4707846410684474,1.0197412695062296,1.0139088064436659,1.02831831412246,-0.04597396710808965,-0.0589142528711335,-0.03657464230802532
0.4757929883138564,1.0197650597755363,1.0138752293412412,1.0284132566679522,-0.045942349426624673,-0.05893174618149288,-0.03651404454149798
0.4808013355592654,1.0197910986508392,1.0138429215137672,1.0285108124490623,-0.0459118919637902,-0.05895072360731035,-0.03645409086562523
0.48580968280467446,1.0198194031683003,1.0138119006635384,1.0286109806612604,-0.04588260105309416,-0.05897118490091202,-0.03639478713299127
0.49081803005008345,1.0198499901123064,1.0137821846520765,1.028713759940583,-0.04585448293077832,-0.05899312961074088,-0.03633613921239487
0.4958263772954925,1.0198828760056295,1.0137537915005195,1.0288191483605706,-0.045827543733992115,-0.059016557081363885,-0.03627815298917625
0.5008347245409015,1.019918077099409,1.0137267393898295,1.0289271434293952,-0.04580178949889557,-0.059041466453464864,-0.036220834365671806
0.5058430717863105,1.0199556093629552,1.0137010466608025,1.0290377420871633,-0.0457772261587337,-0.059067856663943985,-0.03616418926138465
0.5108514190317195,1.0199954884733826,1.0136767318138848,1.0291509407034192,-0.045753859541967756,-0.05909572644604566,-0.036108223613354085
0.5158597662771286,1.0200377298050742,1.0136538135087727,1.0292667350748417,-0.04573169537022892,-0.059125074329507754,-0.03605294337636877
0.5208681135225376,1.020082348418988,1.013632310563801,1.0293851204231435,-0.045710739256406896,-0.05915589864080317,-0.03599835452316569
0.5258764607679466,1.0201293590518081,1.0136122419551035,1.0295060913931833,-0.0456909967025112,-0.05918819750337434,-0.03594446304451537
0.5308848080133556,1.0201787761049446,1.013593626815538,1.0296296420512887,-0.04567247309775979,-0.059221968837995576,-0.03589127494947064
0.5358931552587646,1.020230613633399,1.013576484433373,1.0297557658838017,-0.04565517371641192,-0.05925721036308573,-0.035838796265338146
0.5409015025041736,1.0202848853344908,1.0135608342507179,1.029884455795848,-0.04563910371570046,-0.05929391959516295,-0.03578703303774233
0.5459098497495827,1.0203416045364615,1.0135466958616959,1.0300157041103384,-0.04562426813372156,-0.059332093849313594,-0.03573599133058991
0.5509181969949917,1.0204007841869627,1.0135340890103501,1.030149502567205,-0.04561067188729595,-0.059371730239710985,-0.03568567722607696
0.5559265442404007,1.0204624368414346,1.0135230335882657,1.0302858423228787,-0.045598319769787565,-0.05941282568015538,-0.03563609682448288
0.5609348914858097,1.0205265746513865,1.013513549631912,1.030424713950012,-0.04558721644894348,-0.059455376884727684,-0.03558725624406378
0.5659432387312187,1.0205932093525911,1.0135056573196837,1.0305661074374528,-0.04557736646469834,-0.059499380368507104,-0.03553916162086779
0.5709515859766277,1.0206623522531992,1.0134993769686416,1.030710012190472,-0.04556877422698591,-0.05954483244823905,-0.03549181910841526
0.5759599332220368,1.0207340142217856,1.0134947290309346,1.030856417031252,-0.04556144401348661,-0.059591729243173575,-0.035445234877435894
0.5809682804674458,1.0208082056753425,1.013491734089904,1.031005310199636,-0.04555537996737513,-0.059640066675839876,-0.03539941511543532
0.5859766277128547,1.0208849365672257,1.0134904128558513,1.0311566793541458,-0.04555058609515328,-0.05968984047308368,-0.035354366026361106
0.5909849749582637,1.0209642163750718,1.01349078616147,1.031310511573273,-0.04554706626431937,-0.05974104616688436,-0.03531009383005568
0.5959933222036727,1.0210460540886934,1.0134928749569214,1.0314667933570392,-0.04554482420117978,-0.05979367909542077,-0.035266604761709175
0.6010016694490818,1.0211304581979683,1.0134967003045585,1.0316255106288388,-0.04554386348849704,-0.059847734404151254,-0.03522390507126971
0.6060100166944908,1.021217436680736,1.0135022833732765,1.031786648737559,-0.0455441875633511,-0.05990320704695762,-0.0351820010228181
0.6110183639398998,1.0213069969907187,1.013509645432491,1.0319501924599872,-0.04554579971476613,-0.05996009178723938,-0.03514089889378624
0.6160267111853088,1.0213991460454694,1.0135188078457296,1.032116126003499,-0.045548703081522035,-0.060018383199270886,-0.03510060497418266
0.6210350584307178,1.0214938902143804,1.01352979206383,1.0322844330090388,-0.04555290064987361,-0.060078075669416364,-0.035061125565754026
0.6260434056761268,1.0215912353067484,1.0135426196177393,1.0324550965543904,-0.04555839525128391,-0.06013916339752967,-0.03502246698102596
0.6310517529215359,1.021691186559922,1.0135573121108976,1.032628099157734,-0.045565189560242914,-0.06020164039829723,-0.03498463554235087
0.6360601001669449,1.021793748627551,1.013573891211214,1.0328034227815048,-0.04557328609198663,-0.06026550050282253,-0.03494763758082087
0.6410684474123539,1.0218989255679394,1.0135923786426064,1.032981048836538,-0.04558268720032288,-0.06033073736004013,-0.03491147943512374
0.6460767946577629,1.0220067208325343,1.013612796176118,1.0331609581865135,-0.0455933950754428,-0.0603973444383854,-0.03487616745041322
0.6510851419031719,1.0221171372545557,1.0136351656205898,1.0333431311526942,-0.04560541174168975,-0.06046531502735064,-0.03484170797690922
0.656093489148581,1.0222301770377913,1.0136595088128872,1.033527547518961,-0.045618739055498736,-0.06053464223928273,-0.03480810736867568
0.66110183639399,1.0223458417455698,1.0136858476076769,1.0337141865371418,-0.045633378703165306,-0.06060531901103161,-0.0347753719820858
0.666110183639399,1.022464132289931,1.0137142038667426,1.0339030269326357,-0.045649332198877346,-0.06067733810586162,-0.034743508174429394
0.671118530884808,1.0225850489210118,1.0137445994478382,1.0340940469103328,-0.045666600882533714,-0.060750692115249194,-0.03471252230224309
0.676126878130217,1.0227085912166634,1.013777056193074,1.0342872241608247,-0.045685185917733406,-0.06082537346081551,-0.0346824207196903
0.681135225375626,1.0228347580723194,1.0138115959168235,1.0344825358669079,-0.04570508828986419,-0.060901374396344465,-0.034653209776863036
0.6861435726210351,1.0229635476911323,1.0138482403931617,1.0346799587103752,-0.04572630880400652,-0.06097868700977216,-0.03462489581791317
0.6911519198664441,1.023094957574396,1.0138870113428151,1.0348794688790974,-0.045748848083128735,-0.06105730322528302,-0.03459748517921213
0.6961602671118531,1.0232289845122733,1.0139279304196316,1.0350810420743848,-0.04577270656614729,-0.06113721480546985,-0.03457098418732585
0.7011686143572621,1.0233656245748468,1.0139710191965645,1.0352846535186357,-0.045797884506129094,-0.06121841335350098,-0.03454539915701105
0.7061769616026711,1.0235048731035084,1.0140162991511679,1.0354902779632607,-0.04582438196851513,-0.061300890315365564,-0.03452073638904807
0.7111853088480802,1.023646724702712,1.0140637916506061,1.0356978896968825,-0.04585219882940805,-0.061384636982225516,-0.034497002168066615
0.7161936560934892,1.023791173232098,1.0141135179361738,1.035907462553808,-0.04588133477386691,-0.06146964449268921,-0.03447420276020097
0.7212020033388982,1.0239382117990161,1.0141654991073281,1.0361189699227666,-0.0459117892943226,-0.06155590383518472,-0.034452344410695446
0.7262103505843072,1.0240878327514598,1.014219756105238,1.0363323847559103,-0.04594356168904312,-0.061643405850574595,-0.034431433341545414
0.7312186978297162,1.024240027671431,1.0142763096958476,1.036547679578073,-0.04597665106063431,-0.061732141234443816,-0.034411475748861164
0.7362270450751252,1.0243947873687491,1.014335180452463,1.03676482649628,-0.046011056314611665,-0.06182210053974302,-0.03439247780023891
0.7412353923205343,1.02455210187533,1.0143963887378626,1.036983797209509,-0.04604677615810715,-0.06191327417939618,-0.03437444563211045
0.7462437395659433,1.0247119604399386,1.0144599546859365,1.0372045630186832,-0.04608380909851917,-0.06200565242887279,-0.03435738534692234
0.7512520868113522,1.0248743515234442,1.0145258981828666,1.0374270948369095,-0.046122153442354374,-0.0620992254288808,-0.03434130301024396
0.7562604340567612,1.025039262794585,1.0145942388478475,1.0376513631999384,-0.046161807294154755,-0.06219398318813063,-0.03432620464789693
0.7612687813021702,1.0252066811262617,1.0146649960133636,1.0378773382768465,-0.046202768555339446,-0.06228991558601393,-0.034312096242800294
0.7662771285475792,1.0253765925923761,1.0147381887050269,1.0381049898809354,-0.046245034923373396,-0.06238701237547417,-0.03429898373197915
0.7712854757929883,1.0255489824652224,1.0148138356209928,1.0383342874808366,-0.04628860389080103,-0.062485263185770634,-0.03428687300331745
0.7762938230383973,1.025723835213455,1.014891955110957,1.0385652002118162,-0.046333472744493065,-0.06258465752546272,-0.03427576989228953
0.7813021702838063,1.0259011345006364,1.0149725651547583,1.038797696887271,-0.04637963856497862,-0.06268518478519525,-0.034265680178641844
0.7863105175292153,1.0260808631843845,1.0150556833405937,1.0390317460104084,-0.04642709822580571,-0.06278683424074671,-0.034256609583003694
0.7913188647746243,1.026263003316127,1.0151413268428633,1.0392673157861025,-0.04647584839304386,-0.06288959505593539,-0.034248563763334516
0.7963272120200334,1.026447536141477,1.0152295123996684,1.039504374132916,-0.04652588552487913,-0.06299345628566755,-0.034241548311442216
0.8013355592654424,1.0266344421012377,1.0153202562899732,1.0397428886952798,-0.0465772058712659,-0.06309840687899992,-0.03423556874927414
0.8063439065108514,1.0268237008330459,1.0154135743104575,1.0399828268558227,-0.046629805473799024,-0.06320443568214529,-0.034230630525335926
0.8113522537562604,1.0270152911736676,1.015509481752077,1.0402241557478402,-0.0466836801654722,-0.06331153144160595,-0.03422673901080486
0.8163606010016694,1.0272091911619448,1.0156079933763593,1.0404668422678924,-0.046738825570805886,-0.06341968280730015,-0.03422389949580662
0.8213689482470784,1.02740537804241,1.0157091233914561,1.0407108530885274,-0.046795237105826004,-0.06352887833572396,-0.03422211718552859
0.8263772954924875,1.0276038282695659,1.0158128854279789,1.0409561546711075,-0.04685290997838365,-0.06363910649307769,-0.03422139719622663
0.8313856427378965,1.0278045175128439,1.0159192925146474,1.0412027132787463,-0.04691183918836117,-0.063750355658442,-0.034221744551295785
0.8363939899833055,1.0280074206622374,1.0160283570537767,1.0415051617826023,-0.04697201952813401,-0.06386261412705352,-0.03422316417716331
0.8414023372287145,1.0282125118346173,1.016140090796639,1.0418440707590568,-0.04703344558316047,-0.06397587011349515,-0.03422566089928836
0.8464106844741235,1.028419764380732,1.0162545048187224,1.0421846937326265,-0.04709611173252881,-0.06409011175490775,-0.034229239437991055
0.8514190317195326,1.0286291508928924,1.0163716094949298,1.0425269488697508,-0.04716001214976728,-0.06420532711425864,-0.034233904404175064
0.8564273789649416,1.0288406432133386,1.016491414474751,1.0428707538521063,-0.04722514080371809,-0.06432150418365978,-0.03423966029532721
0.8614357262103506,1.0290542124432926,1.016613928657434,1.0432160259426506,-0.04729149145951084,-0.0644386308875724,-0.0342465114910766
0.8664440734557596,1.0292698289526916,1.0167391601672087,1.043562682051979,-0.04735905767963544,-0.06455669508608253,-0.03425446224903794
0.8714524207011686,1.029487462390597,1.0168671163285912,1.0439106388048822,-0.047427832825206906,-0.06467568457829032,-0.034263516700477226
0.8764607679465776,1.029707081696279,1.0169978036418086,1.0442598126069877,-0.04749781005723008,-0.06479558710550037,-0.03427367884596322
0.8814691151919867,1.0299286551109683,1.0171312277583955,1.0446101197113784,-0.04756898233806339,-0.06491639035455421,-0.03428495255108999
0.8864774624373957,1.0301521501902655,1.0172673934569896,1.0449614762850643,-0.04764134243302465,-0.06503808196116978,-0.03429734154209285
0.8914858096828047,1.0303775338172088,1.0174063046193855,1.045313798475213,-0.04771488291199688,-0.06516064951318867,-0.03431084940153539
0.8964941569282137,1.0306047722159815,1.017547964206879,1.0456670024750108,-0.047789596151190494,-0.06528408055386592,-0.03432547956389698
0.9015025041736227,1.030833830966255,1.0176923742369566,1.046021004589057,-0.047865474335146985,-0.06540836258523797,-0.03434123531128819
0.9065108514190318,1.031064675018153,1.0178395357603698,1.0463757212981812,-0.0479425094586432,-0.06553348307132723,-0.03435811976908809
0.9115191986644408,1.0312972687078283,1.0179894488386476,1.0467310693235814,-0.048020693328851394,-0.0656594294414603,-0.03437613590160993
0.9165275459098498,1.0315315757736359,1.018142112522089,1.0470869656901745,-0.04810001756757032,-0.06578618909354361,-0.03439528650780943
0.9215358931552587,1.031767559372886,1.018297524828292,1.0474433277890687,-0.04818047361357003,-0.06591374939728922,-0.03441557421704289
0.9265442404006677,1.0320051820991667,1.0184556827212592,1.0478000734390562,-0.048262052725064564,-0.066042097697526,-0.03443700148478257
0.9315525876460767,1.032244406000218,1.0186165820911395,1.0481571209470322,-0.04834474598216332,-0.0661712213173331,-0.034459570588389
0.9365609348914858,1.0324851925963352,1.0187802177346472,1.048514389167257,-0.04842854428967769,-0.06630110756137952,-0.03448328362307507
0.9415692821368948,1.0327275028992882,1.0189465833362132,1.0488717975593673,-0.04851343837978561,-0.06643174371902205,-0.034508142497649885
0.9465776293823038,1.0329712974317382,1.0191156714499194,1.0492292662450622,-0.04859941881493057,-0.06656311706753826,-0.034534148930553954
0.9515859766277128,1.033216536247126,1.0192874734822628,1.0495867160633807,-0.04868647599077036,-0.06669521487525998,-0.03456130444587302
0.9565943238731218,1.0334631789500146,1.019461979675801,1.0499440686245012,-0.04877460013927504,-0.06682802440473523,-0.03458961036939456
0.9616026711185308,1.0337111847168627,1.01963917909373,1.0503012463619885,-0.048863781331824896,-0.06696153291583329,-0.03461906782474955
0.9666110183639399,1.0339605123172106,1.0198190596054415,1.0506581725834327,-0.0489540094825216,-0.06709572766880711,-0.034649677729724715
0.9716193656093489,1.0342111201352455,1.0200016078731085,1.051014771519408,-0.04904527435152062,-0.06723059592739133,-0.034681440792546425
0.9766277128547579,1.0344629661917315,1.0201868093393454,1.0513709683707066,-0.049137565548392104,-0.06736612496181493,-0.03471435750830665
0.9816360601001669,1.0347160081662745,1.0203746482159928,1.0517266893537904,-0.049230872535737547,-0.06750230205184948,-0.03474842815550261
0.9866444073455759,1.0349702034198978,1.0205651074740694,1.0520818617444172,-0.04932518463267144,-0.06763911448966553,-0.03478365279266171
0.991652754590985,1.0352255090179026,1.0207581688349345,1.0524364139194011,-0.049420491018601354,-0.06777654958291635,-0.03482003125512989
0.996661101836394,1.0354818817529856,1.0209538127627074,1.0527902753964689,-0.04951678073690147,-0.06791459465755167,-0.0348575631519239
1.001669449081803,1.0357392781685875,1.0211520184579805,1.0531433768721805,-0.049614042698785,-0.06805323706071675,-0.034896247862725716
1.006677796327212,1.0359976545824467,1.0213527638528694,1.0534956502578918,-0.049712265687155366,-0.06819246416360158,-0.03493608453504038
1.011686143572621,1.0362569671103283,1.021556025607434,1.0538470287137323,-0.04981143836059232,-0.06833226336423337,-0.0349770720814746
1.01669449081803,1.0365171716898989,1.0217617791075067,1.0541974466805824,-0.04991154925735941,-0.068472622090205,-0.035019209177114874
1.021702838063439,1.0367782241047259,1.0219699984639647,1.0545468399100417,-0.050012586799482506,-0.0686135278014035,-0.03506249425712582
1.026711185308848,1.037040080008363,1.0221806565134706,1.0548951454923745,-0.05011453929689935,-0.06875496799277414,-0.03510692551455463
1.0317195325542572,1.0373026949485042,1.0223937248207131,1.0552423018824328,-0.05021739495161626,-0.06889693019682852,-0.03515250089809285
1.0367278797996662,1.0375660243911682,1.022609173682173,1.0555882489235575,-0.05032114186199976,-0.06903940198632341,-0.03519921811022897
1.0417362270450752,1.0378300237448899,1.0228269721314376,1.0559329278694634,-0.05042576802700438,-0.06918237097680446,-0.035247074605479156
1.0467445742904842,1.0380946483848932,1.0230470879460813,1.0562762814041164,-0.05053126135047137,-0.069325824829086,-0.03529606758874593
1.0517529215358932,1.0383598536772072,1.02326948765613,1.0566182536596174,-0.050637609645619364,-0.06946975125175925,-0.03534619401398942
1.0567612687813022,1.0386255950027106,1.0234941365541221,1.0569587902321076,-0.0507448006392508,-0.06961413800353,-0.03539745058296262
1.0617696160267112,1.0388918277810644,1.0237209987067797,1.0572978381957234,-0.05085282197632068,-0.06975897289571265,-0.0354498337441882
1.0667779632721202,1.039158507494514,1.0239500369682888,1.0576353461146135,-0.05096166122431356,-0.0699042437943973,-0.03550333969215558
1.0717863105175292,1.0394255897115312,1.0241812129952015,1.057971264053061,-0.051071305877741224,-0.070049938622887,-0.03555796436666725
1.0767946577629381,1.0396930301102634,1.02441448726295,1.0583055435837252,-0.05118174336259784,-0.07019604536380086,-0.035613703452447965
1.0818030050083471,1.0399607845017762,1.024649819083978,1.0586381377940521,-0.051292961040893204,-0.07034255206129103,-0.035670552378853415
1.0868113522537561,1.0402288088530494,1.0248871666274726,1.05896900129088,-0.051404946215129144,-0.07048944682320268,-0.03572850631993418
1.0918196994991654,1.040497059309715,1.0251264869406942,1.0592980902032858,-0.051517686132854124,-0.07063671782311332,-0.03578756019459206
1.0968280467445743,1.0407654922184972,1.0253677359718782,1.059625362183709,-0.05163116799116807,-0.07078435330232935,-0.03584770866700637
1.1018363939899833,1.0410340641493496,1.0256108685947039,1.0599507764074025,-0.051745378941213005,-0.07093234157198935,-0.035908946147230836
1.1068447412353923,1.0413027319172448,1.025855838634292,1.0602742935702512,-0.05186030609272052,-0.07108067101479776,-0.03597126679207463
1.1118530884808013,1.0415714526036133,1.026102598894718,1.060595875885013,-0.05197593651850951,-0.07122933008706411,-0.03603466450611137
1.1168614357262103,1.041840183577396,1.0263511011880007,1.0609154870760236,-0.05209225725894129,-0.07137830732043682,-0.03609913294300071
1.1218697829716193,1.042108882515698,1.0266012963645386,1.061233092372422,-0.05220925532646703,-0.071527591323715,-0.03616466550695918
1.1268781302170283,1.0423775074240194,1.0268531343449525,1.0615486584999518,-0.05232691770999054,-0.07167717078448277,-0.03623125535442284
1.1318864774624373,1.0426460166560416,1.0271065641532973,1.0618621536713804,-0.052445231379394386,-0.0718270344709282,-0.036298895396093656
1.1368948247078463,1.0429143689329603,1.0273615339515905,1.0621735475756042,-0.05256418328986001,-0.07197717123325731,-0.0363675782989219
1.1419031719532553,1.0431825233623355,1.0276179910756191,1.0624828113654863,-0.052683760386287304,-0.07212757000541359,-0.036437296488571747
1.1469115191986645,1.0434504394564503,1.0278758820719642,1.0627899176444862,-0.052803949607650225,-0.07227821980652038,-0.03650804215198633
1.1519198664440735,1.043718077150161,1.0281351527361957,1.063094840452135,-0.052924737891260065,-0.0724291097423091,-0.0365798072400878
1.1569282136894825,1.043985396818221,1.0283957481521735,1.0633975552484172,-0.053046112177042914,-0.0725802290065829,-0.03665258347084688
1.1619365609348915,1.04425235929207,1.0286576127323992,1.0636980388971111,-0.05316805941179581,-0.07273156688250992,-0.036726362332437645
1.1669449081803005,1.0445189258760725,1.0289206902593517,1.063996269648147,-0.05329056655330078,-0.07288311274395909,-0.036801135086612646
1.1719532554257095,1.044785058363193,1.0291849239277393,1.0642922271190398,-0.053413620574495724,-0.0730348560566938,-0.03687689277232664
1.1769616026711185,1.0450507190501024,1.0294502563876082,1.064585892275451,-0.05353720846753873,-0.0731867863796225,-0.036953626209538015
1.1819699499165275,1.0453158707516996,1.0297166297882225,1.0648772474109371,-0.05366131724785106,-0.07333889336593558,-0.037031326003138076
1.1869782971619365,1.0455804768150452,1.0299839858226574,1.0651662761259382,-0.05378593395803222,-0.07349116676412848,-0.03710998254711484
1.1919866444073455,1.0458445011326971,1.0302522657730204,1.0654529633060652,-0.053911045671782176,-0.07364359641911733,-0.037189586028929966
1.1969949916527545,1.0461079081554419,1.0305214105562315,1.0657372950997333,-0.054036639497780925,-0.07379617227318391,-0.03727012643405203
1.2020033388981637,1.046370662904418,1.030760703674814,1.0660192588952015,-0.054162702583425926,-0.07394888436692781,-0.037351593550546625
1.2070116861435727,1.046632730982623,1.0309545891391685,1.0662988432970637,-0.05428922211854115,-0.0741017228401546,-0.03743397697405726
1.2120200333889817,1.046894078585807,1.0311489503163427,1.0665760381022504,-0.05441618533910031,-0.07425467793272844,-0.037517266112722325
1.2170283806343907,1.0471546725127412,1.0313437641426073,1.066850834275582,-0.0545435795306588,-0.07440773998531824,-0.03760145019234784
1.2220367278797997,1.0474144801748722,1.0315390075177062,1.0671232239249309,-0.05467139203199167,-0.07456089944018629,-0.037686518261736524
1.2270450751252087,1.047673469605349,1.031734657313348,1.0673932002760331,-0.054799610238426055,-0.07471414684182776,-0.03777245919809502
1.2320534223706177,1.0479316094674305,1.0319306903817078,1.067660757647002,-0.05492822160530153,-0.07486747283773809,-0.03785926171268983
1.2370617696160267,1.0481888690622756,1.0321270835639293,1.0679258914225829,-0.055057213651139136,-0.07502086817883225,-0.03794691435640374
1.2420701168614356,1.0484452183361126,1.0323238136986206,1.068188598028198,-0.055186573960853025,-0.07517432372013388,-0.03803540552562623
1.2470784641068446,1.0487006278867932,1.032520857630333,1.0684488749038188,-0.05531629018896922,-0.07532783042126567,-0.03812472346820073
1.2520868113522536,1.0489550689697402,1.0327181922180266,1.068706720477714,-0.055446350062531735,-0.07548137934681876,-0.03821485628936472
1.2570951585976629,1.0492085135032845,1.0329157943435003,1.0689621341400997,-0.05557674138415791,-0.07563496166690697,-0.03830579195790307
1.2621035058430718,1.0494609340734062,1.0331136409197947,1.0692151162167447,-0.05570745203485927,-0.07578856865743688,-0.03839751831234395
1.2671118530884808,1.0497123039378766,1.033311708899551,1.0694656679425572,-0.055838469976855265,-0.07594219170047012,-0.03849002306716187
1.2721202003338898,1.0499625970298156,1.0335099752833217,1.0697137914351893,-0.05596978325628754,-0.07609582228455736,-0.03858329381925785
1.2771285475792988,1.0502117879606727,1.033708417127832,1.0699594896686984,-0.05610138000577081,-0.07624945200487332,-0.0386773180541411
1.2821368948247078,1.050459852022629,1.0339070115541746,1.0702027664472864,-0.056233248447064454,-0.07640307256357914,-0.038772083152572634
1.2871452420701168,1.0507067651904447,1.034105735755943,1.0704436263791604,-0.05636537689340315,-0.07655667576984371,-0.038867576396945935
1.2921535893155258,1.0509525041227508,1.034304567007287,1.07068207485053,-0.05649775375189847,-0.07671025354004257,-0.03896378497780972
1.2971619365609348,1.0511970461627962,1.0345034826708952,1.0709181179997813,-0.05663036752584105,-0.07686379789784326,-0.0390606960004547
1.3021702838063438,1.0514403693386685,1.0347024602058843,1.0711517626918436,-0.05676320681688196,-0.07701730097421944,-0.03915829649145053
1.3071786310517528,1.0516824523629886,1.0349014771756042,1.0713830164927791,-0.05689626032711459,-0.07717075500752912,-0.03925657340523969
1.312186978297162,1.0519232746320994,1.0351005112553422,1.071611887644613,-0.0570295168611068,-0.07732415234338674,-0.03935551363066736
1.317195325542571,1.0521628162247572,1.035299540239924,1.0718383850404325,-0.05716296532789045,-0.07747748543472,-0.039455103997624974
1.32220367278798,1.0524010579003378,1.0354985420512104,1.0720625181997707,-0.05729659474270932,-0.07763074684158511,-0.039555331283509076
1.327212020033389,1.0526379810965718,1.0356974947454756,1.072284297244292,-0.05743039422886653,-0.07778392923110289,-0.0396561822198791
1.332220367278798,1.0528735679268215,1.0358963765206695,1.0725037328738012,-0.05756435301936591,-0.07793702537723135,-0.0397576434987954
1.337228714524207,1.0531078011769113,1.0360951657235575,1.07272083634259,-0.05769846045851068,-0.07809002816063071,-0.03985970177946285
1.342237061769616,1.0533406643015288,1.0362938408567264,1.0729356194361335,-0.057832706003402734,-0.07824293056837917,-0.03996234369450491
1.347245409015025,1.0535721414202077,1.0364923805854631,1.073148094448158,-0.05796707922541344,-0.07839572569377395,-0.04006555585640825
1.352253756260434,1.0538022173129056,1.0366907637444924,1.0733582741580796,-0.05810156981146264,-0.0785484067360116,-0.040169324863839506
1.357262103505843,1.0540308774151963,1.0368889693445729,1.0735661718088403,-0.05823616756533312,-0.07870096699986107,-0.040273637307834065
1.362270450751252,1.0542581078130853,1.0370869765789459,1.073771801085137,-0.05837086240882883,-0.0788533998953369,-0.04037847977803466
1.3672787979966612,1.054483895237465,1.0372847648296366,1.0739751760920648,-0.05850564438290462,-0.07900569893732268,-0.04048383886875939
1.3722871452420702,1.0547082270582266,1.0374823136736,1.0741763113341727,-0.05864050364864681,-0.07915785774517303,-0.04058970118501293
1.3772954924874792,1.0549310912780392,1.037679602888709,1.0743752216949447,-0.05877543048824663,-0.0793098700422945,-0.04069605334844084
1.3823038397328882,1.0551524765258138,1.0378766124595815,1.07457192241671,-0.058910415305838626,-0.0794617296556126,-0.04080288200308502
1.3873121869782972,1.0553723720498671,1.0380733225832477,1.074766429080991,-0.059045448628346264,-0.07961343051524494,-0.040910173821210094
1.3923205342237062,1.0555907677107956,1.0382697136746446,1.0749587575892827,-0.05918052110619243,-0.07976496665389021,-0.04101791550890255
1.3973288814691152,1.0558076539740824,1.0384657663719448,1.0751489241442824,-0.05931562351386077,-0.07991633220630945,-0.04112609381153476
1.4023372287145242,1.0560230219024416,1.038661461541715,1.0753369452315593,-0.059450746750570715,-0.08006752140883577,-0.0412346955192362
1.4073455759599331,1.0562368631479229,1.038856780283896,1.07552283760167,-0.059585881840746424,-0.08021852859876333,-0.041343707472137226
1.4123539232053421,1.0564491699437868,1.0390517039366107,1.0757066182527253,-0.05972101993440759,-0.08036934821377173,-0.04145311656557027
1.4173622704507511,1.0566599350961654,1.0392462140807917,1.075888304413399,-0.05985615230760999,-0.08051997479132922,-0.04156290975505783
1.4223706176961604,1.056869151975522,1.03944029254463,1.076067913526391,-0.05999127036269414,-0.08067040296803896,-0.0416730740613076
1.4273789649415694,1.0570768145079246,1.0396339214078427,1.076245463232327,-0.06012636562849849,-0.08082062747901375,-0.04178359657487363
1.4323873121869783,1.057282917166146,1.0398270830057594,1.076420971354112,-0.06026142976058679,-0.08098042216187906,-0.04189446446093825
1.4373956594323873,1.0574874549606064,1.0400197599332242,1.0765944558817213,-0.06039645454132625,-0.08115485577287984,-0.04200566496371039
1.4424040066777963,1.0576904234301667,1.0402119350483117,1.0767659349574308,-0.06053143187992305,-0.08132880765585071,-0.04211718541088061
1.4474123539232053,1.0578918186327915,1.0404035914758654,1.0769354268614872,-0.06066635381241525,-0.08150227311231362,-0.04222901321778494
1.4524207011686143,1.058091637136088,1.0405947126108415,1.0771029499982079,-0.060801212501644386,-0.0816752476220941,-0.04234113589156152
1.4574290484140233,1.058289876007741,1.0407852821214754,1.0772685228825094,-0.06093600023703516,-0.08184772683996755,-0.0424535410350515
1.4624373956594323,1.0584865328058497,1.040975283952259,1.0774321641268656,-0.06107070943451731,-0.08201970659249014,-0.042566216350621744
1.4674457429048413,1.0586816055691797,1.0411647023267336,1.0775938924286772,-0.06120533263622008,-0.08219118287474458,-0.042679149643788605
1.4724540901502503,1.0588750928073454,1.0413535217500987,1.0777537265580617,-0.061339862510195076,-0.0823621518471569,-0.04279232882679196
1.4774624373956595,1.0590669934909285,1.0415417270116365,1.0779116853460513,-0.061474291850110774,-0.08253260983232025,-0.04290574192192764
1.4824707846410685,1.0592573070415494,1.041729303186952,1.0780677876731912,-0.0616086135748688,-0.08270255331181886,-0.04301937706475911
1.4874791318864775,1.0594460333218982,1.0419162356400336,1.078222052458539,-0.06174282072810655,-0.08287197892308029,-0.0431332225072012
1.4924874791318865,1.0596331726257353,1.0421025100251289,1.0783744986490522,-0.06187690647777799,-0.08304088345628458,-0.04324726662046885
1.4974958263772955,1.059818725667875,1.0422881122884409,1.07852514520936,-0.062010864115634945,-0.08320926385129468,-0.04336149789779853
1.5025041736227045,1.0600026935741615,1.04247302866965,1.0786740111119162,-0.06214468705661602,-0.08337711719454433,-0.04347590495717668
1.5075125208681135,1.060185077871441,1.0426572457032508,1.0788211153275196,-0.06227836883830662,-0.08354444071604661,-0.043590476543769796
1.5125208681135225,1.060365880477549,1.0428407502197214,1.0789664768161997,-0.06241190312019995,-0.0837112317863955,-0.04370520153228341
1.5175292153589315,1.0605451036913107,1.043023529346515,1.0791101145184603,-0.06254528368312862,-0.08387748791376026,-0.04382006892920742
1.5225375626043405,1.0607227501825705,1.0432055705088794,1.0792520473468719,-0.06267850442846168,-0.08404320674099353,-0.043935067874848244
1.5275459098497495,1.0608988229822571,1.043386861430511,1.0793922941780068,-0.0628115593773515,-0.08420838604266834,-0.044050187645304106
1.5325542570951585,1.061073325472491,1.0435673901340374,1.0795308738447105,-0.06294444267002319,-0.08437302372227151,-0.044165417654213
1.5375626043405677,1.061246261376739,1.0437471449413382,1.0796678051286983,-0.06307714856485092,-0.08453711780929751,-0.04428074745447219
1.5425709515859767,1.0614176347500301,1.0439261144737024,1.079803106753476,-0.06320967143757628,-0.08470066645647023,-0.04439616673969482
1.5475792988313857,1.0615874499692333,1.0441042876518263,1.0799367973775695,-0.06334200578042015,-0.08486366793696476,-0.04451166534569495
1.5525876460767947,1.0617557117234058,1.044281653695655,1.080068895588064,-0.06347414620114478,-0.08502612064167892,-0.044627233251695486
1.5575959933222037,1.0619224250042183,1.0444582021240707,1.0801994198944371,-0.06360608742216556,-0.08518802307655449,-0.04474286058152899
1.5626043405676127,1.0620875950964614,1.0446339227544281,1.0803283887226856,-0.0637378242795279,-0.08534937385985586,-0.04485853760457559
1.5676126878130217,1.0622512275686442,1.044808805701943,1.0804558204097323,-0.06386935172196928,-0.08551017171956232,-0.04497425473677197
1.5726210350584306,1.062413328263679,1.0449828413789373,1.0805817331981125,-0.06400066480991029,-0.08567041549081722,-0.04509000254131479
1.5776293823038396,1.0625739032896713,1.0451560204939394,1.0807061452309243,-0.06413175871440302,-0.08583010411329894,-0.045205771729342814
1.5826377295492486,1.0627329590108074,1.0453283340506476,1.0808290745470404,-0.0642626287161363,-0.0859892366288122,-0.04532155316054798
1.5876460767946576,1.062890502038352,1.0454997733467613,1.0809505390765786,-0.06439327020429886,-0.0861478121786945,-0.04543733784356618
1.5926544240400669,1.0630465392217558,1.0456703299726746,1.0810705566366114,-0.06452367867552056,-0.08630583000142877,-0.04555311693630415
1.5976627712854758,1.063201077639879,1.0458399958100473,1.0811891449271203,-0.06465384973281374,-0.08646328943024884,-0.04566888174624495
1.6026711185308848,1.0633541245923308,1.0460087630302477,1.0813063215271783,-0.06478377908437238,-0.08662018989075904,-0.04578462373051906
1.6076794657762938,1.0635056875909332,1.0461766240926755,1.0814221038913614,-0.06491346254252761,-0.08677653089857529,-0.0459003344959541
1.6126878130217028,1.0636557743513093,1.0463435717429672,1.0815365093463765,-0.06504289602257529,-0.0869323120571508,-0.04601600579906773
1.6176961602671118,1.0638043927845966,1.0465095990110862,1.0816495550878988,-0.06517207554155391,-0.0870875330553389,-0.04613162954582606
1.6227045075125208,1.0639515509892934,1.0466746992093054,1.081761258177619,-0.06530099721717875,-0.08724219366533248,-0.04624719779145181
1.6277128547579298,1.064097257243234,1.0468388659300794,1.0818716355404843,-0.06542965726661976,-0.08739629374044,-0.04636270274016141
1.6327212020033388,1.0642415199957012,1.0470020930438153,1.081980703962133,-0.06555805200529363,-0.08754983321291832,-0.046478136744624976
1.6377295492487478,1.0643843478596737,1.047164374696546,1.0820884800865154,-0.06568617784571273,-0.0877028120918979,-0.04659349230559684
1.6427378964941568,1.064525749604208,1.047325705307504,1.082194980413692,-0.06581403129622743,-0.08785523046131516,-0.046708762071261845
1.647746243739566,1.064665734146966,1.0474860795666077,1.082300221297807,-0.06594160895989631,-0.08800708847788741,-0.04682393883667402
1.652754590984975,1.0648043105468756,1.0476454924318541,1.0824042189452263,-0.06606890753318595,-0.08815838636912332,-0.04693901554298918
1.657762938230384,1.0649414879969357,1.047803939126632,1.082506989412839,-0.06619592380481976,-0.08830912443134764,-0.047053985276711785
1.662771285475793,1.065077275817164,1.0479614151369512,1.0826085486065127,-0.06632265465453457,-0.08845930302780403,-0.047168841268870665
1.667779632721202,1.0652116834476861,1.0481179162085958,1.0827089122797002,-0.06644909705183011,-0.08860892258677922,-0.04728357689404561
1.672787979966611,1.0653447204419657,1.0482734383442038,1.0828080960321889,-0.06657524805477522,-0.0887579835997343,-0.047398185669479176
1.67779632721202,1.0654763964601814,1.0484279778002747,1.0829061153089894,-0.06670110480878577,-0.08890648661949996,-0.0475126612540393
1.682804674457429,1.0656067212627458,1.0485815310841151,1.0830029853993592,-0.0668266645453528,-0.0890544322585285,-0.04762699744712506
1.687813021702838,1.0657357047039646,1.0487340949507167,1.083098721435952,-0.06695192458084875,-0.08920182118710329,-0.047741188187515604
1.692821368948247,1.0658633567258442,1.0488856663995771,1.0831933383940926,-0.06707688231528408,-0.08934865413166904,-0.047855227552283
1.697829716193656,1.0659896873520387,1.0490362426714674,1.0832868510911704,-0.06720153523110639,-0.08949493187316193,-0.04796910975552038
1.7028380634390652,1.0661147066819396,1.049185821245142,1.0833792741861454,-0.0673258808919357,-0.08964065524536124,-0.048082829147048756
1.7078464106844742,1.066238424884907,1.0493343998340035,1.083470622179163,-0.06744991694134939,-0.08978582513325506,-0.04819638021118067
1.7128547579298832,1.0663608521946444,1.0494819763827228,1.083560909411276,-0.06757364110171693,-0.08993044247151971,-0.04830975756534173
1.7178631051752922,1.0664819989037095,1.049628549063812,1.083650150064262,-0.06769705117289249,-0.09007450824294949,-0.04842295595871349
1.7228714524207012,1.0666018753581683,1.0497741162741647,1.0837383581605429,-0.06782014503108513,-0.09021802347694319,-0.048535970270798146
1.7278797996661102,1.0667204919523865,1.0499186766315565,1.0838255475631904,-0.06794292062760832,-0.09036098924805458,-0.04864879551003298
1.7328881469115192,1.0668378591239551,1.0500622289711123,1.0839117319760216,-0.06806537598767193,-0.0905034066745003,-0.04876142681224849
1.7378964941569282,1.066953987348757,1.0502047723417496,1.0839969249437782,-0.06818750920923833,-0.090645276916824,-0.048873859439254375
1.7429048414023371,1.0670688871361649,1.0503463060025888,1.0840811398523862,-0.0683093184617789,-0.09078660117644688,-0.04898608877727639
1.7479131886477461,1.067182569024373,1.0504868294193437,1.0841643899292892,-0.06843080198509455,-0.0909273806943105,-0.04909811033541445
1.7529215358931551,1.067295043575863,1.0506263422606923,1.0842466882438573,-0.06855195808820014,-0.09106761674961916,-0.04920991974410782
1.7579298831385644,1.0674063213729974,1.0507648443946278,1.0843280477078625,-0.06867278514805264,-0.09120731065844723,-0.049321512753522256
1.7629382303839733,1.067516413013743,1.050902335884795,1.0844084810760217,-0.06879328160849241,-0.09134646377257383,-0.04943288523202227
1.7679465776293823,1.0676253291075222,1.0510388169868183,1.0844880009466014,-0.06891344597902815,-0.09148507747818968,-0.04954403316446587
1.7729549248747913,1.067733080271192,1.051174288144614,1.0845666197620798,-0.06903327683370719,-0.09162315319467496,-0.049654952650676876
1.7779632721202003,1.067839677125139,1.051308749986702,1.084644349809868,-0.06915277280997856,-0.09176069237346951,-0.04976563990377514
1.7829716193656093,1.0679451302895084,1.0514422033225115,1.084721203223083,-0.06927193260757747,-0.09189769649684365,-0.04987609124850678
1.7879799666110183,1.068049450380542,1.051574649138681,1.08479719198137,-0.06939075498740976,-0.09203416707687495,-0.049986303119666786
1.7929883138564273,1.0681526480070416,1.0517060885953653,1.084872327911773,-0.06950923877040083,-0.09217010565421901,-0.050096272060365266
1.7979966611018363,1.0682547337669475,1.0518365230225415,1.0849466226896518,-0.0696273828364582,-0.09230551379712892,-0.05020599472042875
1.8030050083472453,1.068355718244031,1.0519659539163215,1.0850200878396379,-0.0697451861233489,-0.0924403931003539,-0.0503154678547304
1.8080133555926543,1.068455612004699,1.052094382935272,1.0850927347366317,-0.06986264762562655,-0.09257474518414455,-0.05042468832148472
1.8130217028380635,1.0685544255949118,1.052221811896744,1.08516457460684,-0.06997976639352288,-0.09270857169320834,-0.05053365308064173
1.8180300500834725,1.0686521695372067,1.052348242773213,1.0852356185288403,-0.07009654153200984,-0.09284187429579305,-0.05064235919216742
1.8230383973288815,1.0687488543278316,1.0524736776886354,1.0853058774346893,-0.07021297219962719,-0.09297465468266353,-0.05075080381445929
1.8280467445742905,1.0688444904339816,1.0525981189148177,1.0853753621110502,-0.07032905760747354,-0.09310691456619935,-0.05085898420256996
1.8330550918196995,1.0689390882911378,1.0527215688678053,1.0854440832003567,-0.07044479701826134,-0.09323865567950662,-0.050966897706693715
1.8380634390651085,1.0690326583005094,1.052844030104288,1.0855120512019996,-0.07056018974520128,-0.09336987977548006,-0.0510745417704257
1.8430717863105175,1.0691252108265734,1.05296550531803,1.0855792764735408,-0.07067523515106444,-0.09350058862598587,-0.051181913929120526
1.8480801335559265,1.0692167561947084,1.053085997336318,1.0856457692319446,-0.07078993264715905,-0.093630784021002,-0.051289011808307805
1.8530884808013355,1.0693073046889294,1.0532055091164378,1.0857115395548353,-0.07090428169237839,-0.0937604677677939,-0.051395833122029444
1.8580968280467445,1.0693968665497082,1.053324043742173,1.085776597381773,-0.07101828179222025,-0.09388964169008318,-0.051502375671248046
1.8631051752921535,1.0694854519718906,1.0534416044203327,1.0858409525155428,-0.07113193249781347,-0.09401830762729446,-0.05160863734219845
1.8681135225375627,1.069573071102699,1.0535581944773071,1.085904614623465,-0.07124523340501554,-0.0941464674338306,-0.05171461610481032
1.8731218697829717,1.0696597340398215,1.0536738173556537,1.085967593238717,-0.07135818415345341,-0.09427412297824134,-0.05182031001118759
1.8781302170283807,1.0697454508295878,1.0537884766107122,1.0860298977616671,-0.07147078442558552,-0.09440127614256966,-0.05192571719389605
1.8831385642737897,1.0698302314652282,1.0539021759072527,1.0860915374612237,-0.07158303394584209,-0.09452792882163408,-0.05203083586452095
1.8881469115191987,1.0699140858852085,1.0540149190161596,1.0861525214761898,-0.07169493247970138,-0.09465408292228972,-0.0521356643120896
1.8931552587646077,1.0699970239716516,1.054126709811146,1.0862128588166302,-0.07180647983280153,-0.09477974036285985,-0.052240200901501055
1.8981636060100167,1.0700790555488282,1.0542375522655056,1.086272558365244,-0.07191767585005948,-0.09490490307236144,-0.05234444407203398
1.9031719532554257,1.0701601903817282,1.0543474504488983,1.0863316288787441,-0.07202852041484675,-0.09502957298998638,-0.05244839233586163
1.9081803005008346,1.070240438174703,1.054456408524179,1.086390078989244,-0.07213901344809415,-0.09515375206439813,-0.05255204427648863
1.9131886477462436,1.0703198085701788,1.0545644307442577,1.0864479172056452,-0.07224915490753148,-0.09527744225319168,-0.05265539854740098
1.9181969949916526,1.070398311147439,1.054671521449,1.0865051519150297,-0.07235894478675675,-0.09540064552225402,-0.0527584538704815
1.9232053422370616,1.0704759554214778,1.0547776850621708,1.0865617913840568,-0.07246838311449011,-0.0955233638452313,-0.05286120903461722
1.9282136894824708,1.070552750841912,1.0548829260884136,1.0866178437603569,-0.07257746995379222,-0.09564559920297455,-0.052963662894285335
1.9332220367278798,1.0706287067919655,1.054987249110272,1.086673317073929,-0.07268620540121873,-0.0957673535829926,-0.05306581436814639
1.9382303839732888,1.0707038325875102,1.055090658785254,1.0867282192385368,-0.07279458958610263,-0.09588862897893335,-0.05316766243764448
1.9432387312186978,1.0707781374761698,1.0551931598429352,1.0867825580531032,-0.0729026226696945,-0.09600942739005092,-0.05326920614561459
1.9482470784641068,1.0708516306364808,1.0552947570821078,1.0868363412031026,-0.07301030484453719,-0.0961297508207295,-0.05337044459493967
1.9532554257095158,1.0709243211771111,1.0553954553679683,1.0868895762619508,-0.07311763633363455,-0.09624960128003579,-0.05347137694722903
1.9582637729549248,1.070996218136137,1.0554952596293516,1.0869422706923935,-0.07322461738972663,-0.09636898078117895,-0.05357200242148963
1.9632721202003338,1.0710673304803677,1.055594174856007,1.086994431847885,-0.07333124829460758,-0.0964878913411269,-0.05367232029280444
1.9682804674457428,1.0711376671047284,1.0556922060959173,1.0870460669739692,-0.07343752935840087,-0.09660633498010185,-0.05377232989104641
1.9732888146911518,1.07120723683169,1.0557893584526628,1.0870971832096503,-0.07354346091884167,-0.09672431372120371,-0.0538720305996776
1.9782971619365608,1.071276048410749,1.0558856370828293,1.0871477875887587,-0.0736490433406658,-0.09684182958998377,-0.053971421854427604
1.98330550918197,1.0713441105179553,1.0559810471934596,1.0871978870413126,-0.07375427701481385,-0.09695888461401836,-0.0540705031420714
1.988313856427379,1.0714114317554857,1.056075594039551,1.08724748839487,-0.07385916235788414,-0.09707548082251805,-0.054169273999285394
1.993322203672788,1.0714780206512624,1.056169282921594,1.087296598375874,-0.07396369981140793,-0.09719162024597239,-0.05426773401136842
1.998330550918197,1.0715438856586124,1.0562621191831592,1.0873452236109908,-0.07406788984127388,-0.09730730491575201,-0.054365882811133304
2.003338898163606,1.0716090351559726,1.056354108208527,1.0873933706284409,-0.0741717329370104,-0.09742253686378177,-0.05446372007772027
2.008347245409015,1.0716734774466323,1.0564452554203623,1.0874410458593173,-0.07427522961126698,-0.09753731812215705,-0.05456124553549557
2.013355592654424,1.0717372207585147,1.0565355662774318,1.0874882556388994,-0.07437838039911782,-0.09765165072283821,-0.054658458952872024
2.018363939899833,1.0718002732439975,1.0566250462723694,1.087535006207955,-0.07448118585752894,-0.09776553669730248,-0.05475536014128579
2.023372287145242,1.0718626429797686,1.0567137009294816,1.0875813037140323,-0.07458364656474004,-0.09787897807623835,-0.05485194895405954
2.028380634390651,1.0719243379667185,1.0568015358026013,1.0876271542127445,-0.07468576311968889,-0.09799197688924721,-0.05494822528537924
2.03338898163606,1.0719853661298633,1.056888556472981,1.0876725636690403,-0.07478753614141453,-0.09810453516448092,-0.055044189069185734
2.038397328881469,1.0720457353183048,1.0569747685472353,1.0877175379584687,-0.07488896626862385,-0.09821665492850684,-0.05513984027827945
2.043405676126878,1.0721054533052192,1.0570601776553217,1.0877620828684276,-0.07499005415898097,-0.09832833820581754,-0.05523517892314089
2.048414023372287,1.0721645277878746,1.0571447894485675,1.0878062040994059,-0.07509080048864547,-0.09843958701875266,-0.0553302050510851
2.053422370617696,1.0722229663876832,1.0572286095977408,1.087849907266212,-0.07519120595179629,-0.09855040338712229,-0.055424918745217155
2.058430717863105,1.0722807766502738,1.057311643791161,1.0878931978991924,-0.07529127126000645,-0.09866078932797961,-0.055519320123494253
2.0634390651085144,1.0723379660455996,1.057393897732855,1.0879360814454364,-0.07539099714186648,-0.09877074685542198,-0.05561340933781622
2.0684474123539234,1.0723945419680647,1.0574753771407541,1.0879785632699732,-0.0754903843423449,-0.09888027798030663,-0.05570718657305207
2.0734557595993324,1.0724505117366812,1.0575560877449333,1.0880206486569524,-0.07558943362238324,-0.09898938470999497,-0.05580065204615181
2.0784641068447414,1.0725058825952445,1.0576360352858916,1.0880623428108163,-0.0756881457584413,-0.0990980690482246,-0.055893806005350655
2.0834724540901504,1.0725606617125376,1.0577152255128737,1.0881036508574577,-0.07578652154195709,-0.09920633299481096,-0.05598664872914583
2.0884808013355594,1.0726148561825524,1.0577936641822334,1.0881445778453676,-0.07588456177889924,-0.09931417854546964,-0.056079180525586025
2.0934891485809684,1.0726684730247351,1.0578713570558358,1.088185128746768,-0.07598226728936197,-0.09942160769163877,-0.05617140173131929
2.0984974958263773,1.0727215191842505,1.0579483098995008,1.0882253084587366,-0.07607963890708902,-0.09952862242025873,-0.056263312710925106
2.1035058430717863,1.072774001532265,1.0580245284814855,1.088265121804313,-0.0761766774790047,-0.09963522471358033,-0.056354913855940936
2.1085141903171953,1.07282592686625,1.0581000185710057,1.0883045735335992,-0.07627338386487992,-0.0997414165490369,-0.056446205584173015
2.1135225375626043,1.072877301910299,1.0581747859367958,1.0883436683248426,-0.07636975893681353,-0.09984719989901691,-0.05653718833895027
2.1185308848080133,1.0729281333154688,1.0582488363457094,1.0883824107855082,-0.07646580357886279,-0.09995257673069347,-0.05662786258828589
2.1235392320534223,1.0729784276601266,1.0583221755613532,1.0884208054533395,-0.07656151868667394,-0.10005754900593189,-0.056718228824195194
2.1285475792988313,1.0730281914503215,1.0583948093427613,1.0884588567974045,-0.07665690516705581,-0.10016211868108371,-0.05680828756197798
2.1335559265442403,1.0730774311201654,1.058466743443107,1.088496569219131,-0.07675196393756067,-0.10026628770681612,-0.05689803933944404
2.1385642737896493,1.0731261530322285,1.0585379836084479,1.0885339470533284,-0.07684669592619997,-0.10037005802803378,-0.05698748471633053
2.1435726210350583,1.0731743634779491,1.0586085355765091,1.0885709945691981,-0.07694110207097538,-0.10047343158370836,-0.05707662427350613
2.1485809682804673,1.0732220686780547,1.058678405075501,1.0886077159713288,-0.07703518331955195,-0.10057641030672926,-0.05716545861236
2.1535893155258763,1.0732692747829948,1.0587475978229717,1.0886441154006834,-0.0771289406289597,-0.10067899612380415,-0.057253988354169394
2.1585976627712853,1.073315987873386,1.058816119524695,1.0886801969355688,-0.07722237496514595,-0.10078119095533111,-0.05734221413943885
2.1636060100166943,1.0733622139604655,1.0588839758735897,1.088715964592597,-0.07731548730269111,-0.100882996715292,-0.0574301366272465
2.1686143572621033,1.073407958986556,1.0589511725486747,1.0887514223276322,-0.07740827862450317,-0.10098441531108904,-0.05751775649473245
2.1736227045075123,1.0734532288255412,1.0590177152140547,1.0887865740367264,-0.07750074992141975,-0.10108544864353775,-0.05760507443634566
2.1786310517529217,1.0734980292833454,1.0590836095179408,1.0888214235570395,-0.07759290219194526,-0.10118609860664662,-0.057692091163424664
2.1836393989983307,1.0735423660984265,1.0591488610916988,1.0888559746677533,-0.07768473644190976,-0.10128636708762428,-0.0577788074035297
2.1886477462437397,1.0735862449422742,1.059213475548934,1.088890231090968,-0.07777625368417773,-0.10138625596670181,-0.05786522389989557
2.1936560934891487,1.0736296714199136,1.0592774584846,1.0889241964925878,-0.07786745493834246,-0.10148576711712565,-0.05795134141094138
2.1986644407345577,1.07367265107042,1.0593408154741455,1.088957874483197,-0.07795834123043477,-0.10158490240498708,-0.058037160709645264
2.2036727879799667,1.073715189367436,1.0594035520726819,1.088991268618921,-0.07804891359263166,-0.10168366368919379,-0.058122682583118035
2.2086811352253757,1.073757291719695,1.0594656738141883,1.0890243824022772,-0.07813917306297213,-0.10178205282138464,-0.05820790783199925
2.2136894824707847,1.0737989634715508,1.0595271862107387,1.0890572192830132,-0.07822912068512267,-0.10188007164586566,-0.058292837270073505
2.2186978297161937,1.0738402099035127,1.0595880947517606,1.0890897826589352,-0.07831875750802908,-0.10197772199948929,-0.05837747172368779
2.2237061769616027,1.073881036232783,1.0596484049033204,1.0891220758767213,-0.078408084585746,-0.10207500571166861,-0.05846181203131806
2.2287145242070117,1.0739214476137997,1.059708122107435,1.0891541022327278,-0.0784971029771242,-0.10217192460424229,-0.05854585904311449
2.2337228714524207,1.0739614491387828,1.0597672517814105,1.0891858649737796,-0.07858581374556906,-0.10226848049146042,-0.058629613620404086
2.2387312186978297,1.0740010458382827,1.0598257993172056,1.0892173672979524,-0.07867421795879892,-0.10236467517989922,-0.05871307663531411
2.2437395659432386,1.0740402426817346,1.0598837700808235,1.0892486123553429,-0.07876231668859646,-0.10246051046840421,-0.05879624897026048
2.2487479131886476,1.0740790445780106,1.0599411694117247,1.0892796032488274,-0.0788501110106381,-0.1025559881481044,-0.058879131517642236
2.2537562604340566,1.0741174563759792,1.059998002622267,1.0893103430348092,-0.0789376020041459,-0.10265111000229865,-0.05896172517929443
2.2587646076794656,1.074155482865062,1.0600542749971675,1.0893408347239564,-0.07902479075176672,-0.10274587780640587,-0.059044030866196806
2.2637729549248746,1.0741931287757949,1.06010999179299,1.0893710812819273,-0.07911167833931643,-0.10284029332795086,-0.05912604949800482
2.2687813021702836,1.0742303987803896,1.060165158237652,1.0894010856300858,-0.07919826585557388,-0.10293435832657849,-0.059207782002744125
2.2737896494156926,1.0742672974932974,1.0602197795299595,1.0894308506462078,-0.07928455439206061,-0.10302807455387608,-0.059289229316348724
2.2787979966611016,1.0743038294717702,1.0602738608391575,1.0894603791651738,-0.07937054504285612,-0.10312144375352261,-0.05937039238239805
2.2838063439065106,1.0743399992164253,1.060327407304505,1.0894896739796534,-0.07945623890437048,-0.10321446766107556,-0.05945127215165513
2.28881469115192,1.0743758111718098,1.0603804240348729,1.08951873784078,-0.07954163707520223,-0.10330714800408458,-0.0595318695818321
2.293823038397329,1.0744112697269637,1.0604329161083568,1.089547573458813,-0.0796267406558755,-0.10339948650199204,-0.059612185637142545
2.298831385642738,1.074446379215983,1.0604848885719156,1.089576183503793,-0.07971155074873337,-0.10349148486612592,-0.05969222128806706
2.303839732888147,1.0744811439185837,1.0605363464410253,1.0896045706061839,-0.0797960684577177,-0.10358314479968556,-0.05977197751099084
2.308848080133556,1.074515568060663,1.0605872946993555,1.0896327373575088,-0.07988029488818427,-0.1036744679977275,-0.059851455287869726
2.313856427378965,1.0745496558148606,1.0606377382984606,1.089660686310972,-0.07996423114676077,-0.10376545614710864,-0.05993065560598865
2.318864774624374,1.0745834113011177,1.0606876821574918,1.0896884199820749,-0.08004787834116911,-0.1038561109265359,-0.06000957945760632
2.323873121869783,1.0746168385872392,1.060737131162927,1.0897159408492219,-0.0801312375800265,-0.10394643400650239,-0.060088227839692365
2.328881469115192,1.0746499416894466,1.060786090168316,1.0897432513543144,-0.08021430997274592,-0.10403642704928728,-0.06016660175363597
2.333889816360601,1.074682724572935,1.060834563994044,1.089770353903339,-0.08029709662936568,-0.10412609170894882,-0.060244702205011436
2.33889816360601,1.0747151911524269,1.0608825574271106,1.0897972508669442,-0.08037959866036459,-0.10421542963135977,-0.06032253020325129
2.343906510851419,1.0747473452927236,1.0609300752209265,1.0898239445810094,-0.08046181717654832,-0.10430444245411508,-0.06040008676141184
2.348914858096828,1.0747791908092543,1.0609771220951238,1.0898504373472042,-0.08054375328887176,-0.10439313180658161,-0.06047737289594579
2.353923205342237,1.074810731468622,1.0610237027353815,1.0898767314335391,-0.08062540810838215,-0.10448149930990525,-0.06055438962642512
2.358931552587646,1.07484197098915,1.0610698217932684,1.0899028290749089,-0.08070678274594911,-0.10456954657698248,-0.06063113797529951
2.363939899833055,1.0748729130414214,1.0611154838860968,1.0899287324736242,-0.08078787831227174,-0.1046572752124888,-0.060707618967711596
2.368948247078464,1.0749035612488205,1.061160693596792,1.0899544437999384,-0.08086869591765122,-0.10474468681283611,-0.06078383363119855
2.373956594323873,1.0749339191880667,1.0612054554737773,1.0899799651925646,-0.08094923667190557,-0.10483178296622953,-0.06085978299552153
2.378964941569282,1.07496399038975,1.0612497740308677,1.0900052987591826,-0.08102950168425593,-0.10491856525263898,-0.060935468092459644
2.383973288814691,1.0749937783388595,1.06129365374718,1.0900304465769417,-0.08110949206317031,-0.10500503524381344,-0.06101088995553994
2.3889816360601,1.075023286475311,1.061337099067055,1.0900554106929519,-0.08118920891627113,-0.10509119450328797,-0.06108604961989528
2.393989983305509,1.0750525181944721,1.0613801143999897,1.0900801931247688,-0.08126865335025713,-0.1051770445864193,-0.06116094812207251
2.3989983305509184,1.0750814768476795,1.061422704120585,1.0901047958608712,-0.08134782647072569,-0.10526258704031477,-0.06123558649978378
2.4040066777963274,1.0751101657427593,1.0614648725685005,1.090129220861129,-0.08142672938209472,-0.10534782340393889,-0.061309965791735976
2.4090150250417364,1.0751385881445394,1.0615066240484237,1.090153470057267,-0.08150536318752444,-0.10543275520810624,-0.06138408703751708
2.4140233722871454,1.0751667472753583,1.061547962830049,1.0901775453533176,-0.08158372898880373,-0.10551738397543176,-0.06145795127734033
2.4190317195325544,1.0751946463155724,1.061588893148066,1.0902014486260683,-0.08166182788620802,-0.10560171122040884,-0.06153155955190215
2.4240400667779634,1.0752222884040585,1.0616294192021607,1.090225181725501,-0.08173966097844954,-0.10568573844939522,-0.0616049129022187
2.4290484140233723,1.075249676638713,1.0616695451570222,1.090248746475226,-0.0818172293626418,-0.10576946716068392,-0.06167801236949089
2.4340567612687813,1.0752768140769449,1.0617092751423638,1.0902721446729047,-0.081894534134058,-0.10585289884442517,-0.061750858994898294
2.4390651085141903,1.0753037037361697,1.0617486132529501,1.090295378090672,-0.08197157638615948,-0.10593603498269744,-0.061823453819457086
2.4440734557595993,1.075330348594294,1.0617875635486331,1.0903184484755448,-0.08204835721049619,-0.10601887704956425,-0.06189579788392052
2.4490818030050083,1.0753567515901992,1.0618261300543994,1.090341357549829,-0.08212487769659305,-0.1061014265110174,-0.06196789222858001
2.4540901502504173,1.075382915624222,1.0618643167604223,1.090364107011517,-0.08220113893190728,-0.10618368482508345,-0.06203973789317274
2.4590984974958263,1.075408843558628,1.0619021276221252,1.0903866985346808,-0.08227714200171476,-0.10626565344173855,-0.06211133591669693
2.4641068447412353,1.0754345382180828,1.0619395665602496,1.0904091337698556,-0.08235288798905316,-0.10634733380303629,-0.06218268733732657
2.4691151919866443,1.0754600023901189,1.0619766374609338,1.0904314143444211,-0.08242837797465086,-0.10642872734307218,-0.06225379319226931
2.4741235392320533,1.0754852388255984,1.062013344175797,1.0904535418629722,-0.08250361303683462,-0.10650983548800497,-0.06232465451762437
2.4791318864774623,1.075510250239173,1.062049690522031,1.0904755179076888,-0.08257859425153669,-0.1065906596561419,-0.06239527234833275
2.4841402337228713,1.0755350393097338,1.062085680282497,1.090497344038692,-0.0826533226920958,-0.10667120125786766,-0.06246564771794283
2.4891485809682803,1.0755596086808672,1.0621213172058317,1.0905190217944047,-0.08272779942936381,-0.10675146169577943,-0.06253578165863871
2.4941569282136893,1.0755839609612965,1.0621566050065585,1.090540552691895,-0.08280202553142146,-0.1068314423645802,-0.0626056752010058
2.4991652754590983,1.0756080987253247,1.0621915473652042,1.0905619382272227,-0.08287600206377022,-0.1069111446512565,-0.06267532937401654
2.5041736227045073,1.0756320245132729,1.0622261479284203,1.0905831798757755,-0.08294973008909778,-0.10699056993501443,-0.0627447452049239
2.5091819699499167,1.075655740831911,1.0622604103091149,1.090604279092602,-0.08302321066724261,-0.10706971958726541,-0.06281392371906236
2.5141903171953257,1.075679250154889,1.062294338086583,1.0906252373127359,-0.0830964448552507,-0.10714859497182516,-0.06288286593991188
2.5191986644407347,1.0757025549231594,1.0623279348066479,1.0906460559515188,-0.08316943370716956,-0.10722719744473608,-0.06295157288887765
2.5242070116861437,1.0757256575453988,1.0623612039818033,1.0906667364049154,-0.08324217827411218,-0.10730552835443063,-0.06302004558524743
2.5292153589315527,1.075748560398423,1.0623941490913635,1.0906872800498226,-0.08331467960417882,-0.10738358904172429,-0.06308828504614183
2.5342237061769617,1.0757712658275982,1.0624267735816157,1.090707688244377,-0.08338693874236469,-0.10746138083985812,-0.0631562922863722
2.5392320534223707,1.0757937761472514,1.0624590808659788,1.090727962328253,-0.08345895673058124,-0.1075389050744846,-0.06322406831839089
2.5442404006677797,1.0758160936410681,1.062491074325163,1.0907481036229576,-0.08353073460754246,-0.10761616306375288,-0.06329161415222728
2.5492487479131887,1.075838220562496,1.062522757307337,1.090768113432123,-0.08360227340880755,-0.10769315611833719,-0.06335893079537414
2.5542570951585977,1.0758601591351369,1.0625541331282977,1.0907879930417888,-0.08367357416668852,-0.10776988554141553,-0.06342601925278046
2.5592654424040067,1.0758819115531377,1.0625852050716424,1.090807743720684,-0.08374463791016495,-0.10784635262874787,-0.06349288052669522
2.5642737896494157,1.0759034799815776,1.0626159763889471,1.0908273667205037,-0.08381546566496212,-0.1079225586687329,-0.0635595156166815
2.5692821368948247,1.0759248665568468,1.062646450299943,1.0908468632761785,-0.08388605845342312,-0.1079985049423442,-0.06362592551952417
2.5742904841402336,1.0759460733870279,1.062676629992704,1.0908662346061417,-0.08395641729448045,-0.10807419272327223,-0.06369211122915175
2.5792988313856426,1.0759671025522661,1.0627065186238291,1.0908854819125928,-0.08402654320369862,-0.10814962327791022,-0.0637580737365866
2.5843071786310516,1.0759879561051422,1.062736119318633,1.0909046063817522,-0.08409643719313209,-0.108224797865347,-0.06382381402990944
2.5893155258764606,1.076008636071032,1.0627654351713367,1.0909236091841183,-0.08416610027139626,-0.10829971773750202,-0.06388933309418121
2.5943238731218696,1.0760291444484738,1.062794469245263,1.0909424914747143,-0.08423553344356094,-0.10837438413906142,-0.0639546319114146
2.5993322203672786,1.0760494832095202,1.062823224573031,1.0909612543933334,-0.08430473771116453,-0.10844879830756327,-0.06401971146047458
2.6043405676126876,1.0760696543000934,1.062851704156755,1.0909798990647803,-0.08437371407218563,-0.10852296147339047,-0.06408457271707846
2.6093489148580966,1.0760896596403329,1.0628799109682467,1.0909984265991077,-0.08444246352100038,-0.10859687485989156,-0.06414921665374607
2.6143572621035056,1.0761095011249404,1.062907847949217,1.0910168380918497,-0.08451098704835402,-0.10867053968331675,-0.06421364423972875
2.6193656093489146,1.0761291806235203,1.0629355180114803,1.0910351346242488,-0.08457928564137518,-0.10874395715290319,-0.06427785644099515
2.624373956594324,1.0761486999809156,1.0629629240371608,1.0910533172634835,-0.08464736028351894,-0.10881712847091762,-0.06434185422016014
2.629382303839733,1.0761680610175413,1.0629900688789005,1.091071387062888,-0.08471521195453846,-0.10889005483264214,-0.06440563853647774
2.634390651085142,1.076187265529714,1.06301695536007,1.0910893450621704,-0.08478284163051342,-0.10896273742647367,-0.06446921034578423
2.639398998330551,1.0762063152899737,1.0630435862749765,1.091107192287625,-0.0848502502837647,-0.1090351774339311,-0.0645325706004698
2.64440734557596,1.0762252120474067,1.0630699643890786,1.091124929752346,-0.08491743888289705,-0.10910737602965526,-0.06459572024943583
2.649415692821369,1.0762439575279625,1.0630960924391968,1.0911425584564294,-0.08498440839275645,-0.1091793343815084,-0.06465866023808076
2.654424040066778,1.0762625534347658,1.0631219731337311,1.0911600793871807,-0.0850511597744088,-0.1092510536505813,-0.0647213915082574
2.659432387312187,1.0762810014484259,1.0631476091528724,1.0911774935193121,-0.08511769398510438,-0.10932253499120748,-0.06478391499823033
2.664440734557596,1.0762993032273438,1.0631730031488222,1.0911948018151394,-0.08518401197835601,-0.10939377955103424,-0.0648462316426901
2.669449081803005,1.0763174604080112,1.063198157746007,1.0912120052247762,-0.08525011470378274,-0.1094647884710227,-0.06490834237266796
2.674457429048414,1.076335474605311,1.0632230755412968,1.0912291046863218,-0.08531600310722354,-0.1095355628855259,-0.0649702481155785
2.679465776293823,1.0763533474128095,1.0632477591042229,1.09124610112605,-0.08538167813066622,-0.10960610392231018,-0.06503194979511306
2.684474123539232,1.076371080403048,1.0632722109771968,1.091262995458591,-0.08544714071224035,-0.10967641270254092,-0.06509344833131792
2.689482470784641,1.0763886751278298,1.0632964336757293,1.0912797885871122,-0.0855123917862457,-0.10974649034093886,-0.06515474464051607
2.69449081803005,1.0764061331185037,1.0633204296886498,1.0912964814034958,-0.0855774322830527,-0.10981633794564516,-0.06521583963522914
2.699499165275459,1.0764234558862422,1.0633442014783254,1.0913130747885131,-0.08564226312920198,-0.10988595661840606,-0.06527673422428393
2.704507512520868,1.0764406449223205,1.0633677514808815,1.0913295696119967,-0.08570688524734749,-0.1099553474545587,-0.06533742931274134
2.709515859766277,1.0764577016983863,1.0633910821064219,1.0913459667330063,-0.08577129955622098,-0.11002451154303827,-0.06539792580181825
2.714524207011686,1.0764746276667303,1.0634141957392473,1.0913622669999985,-0.08583550697069597,-0.11009344996644899,-0.06545822458897987
2.719532554257095,1.0764914242605539,1.0634370947380773,1.091378471250986,-0.08589950840172378,-0.11016216380109256,-0.06551832656784029
2.724540901502504,1.0765080928942268,1.0634597814362687,1.0913945803136997,-0.08596330475633351,-0.11023065411699662,-0.06557823262819795
2.729549248747913,1.0765246349635507,1.0634822581420362,1.091410595005746,-0.08602689693763921,-0.110298921977936,-0.06563794365600728
2.7345575959933224,1.0765410518460137,1.0635045271386716,1.0914265161347612,-0.08609028584491085,-0.11036696844153937,-0.06569746053335734
2.7395659432387314,1.0765573449010402,1.0635265906847622,1.0914423444985635,-0.08615347237339677,-0.11043479455922522,-0.06575678413850028
2.7445742904841404,1.076573515470243,1.0635484510144113,1.091458080885303,-0.08621645741449413,-0.11050240137627299,-0.06581591534578024
2.7495826377295494,1.0765895648776669,1.0635701103374553,1.0914737260736087,-0.08627924185566371,-0.11056978993192246,-0.06587485502569734
2.7545909849749584,1.0766054944300336,1.063591570839683,1.0914892808327337,-0.0863418265804512,-0.1106369612593383,-0.06593360404483661
2.7595993322203674,1.0766213054169789,1.0636128346830518,1.0915047459226959,-0.08640421246845165,-0.11070391638563848,-0.06599216326591062
2.7646076794657763,1.0766369991112892,1.063633904005906,1.0915201220944195,-0.08646640039535924,-0.11077065633198657,-0.06604997288917502
2.7696160267111853,1.0766525767691362,1.0636547809231922,1.091535410089871,-0.08652839123293887,-0.11083718211357052,-0.06610704439430748
2.7746243739565943,1.076668039630306,1.0636754675266766,1.091550610642196,-0.08659018584905454,-0.11090349473970207,-0.06616394633316958
2.7796327212020033,1.076683388918425,1.0636959658851586,1.0915657244758499,-0.08665178510763383,-0.11096959521377414,-0.06622067928825714
2.7846410684474123,1.076698625841185,1.0637162780446852,1.0915807523067307,-0.08671318986869636,-0.11103548453336032,-0.06627724384188838
2.7896494156928213,1.0767137515905658,1.063736406028767,1.0915956948423058,-0.08677440098831823,-0.11110116369020773,-0.06633364057614699
2.7946577629382303,1.0767287673430492,1.063756351838588,1.091610552781739,-0.0868354193187244,-0.11116663367032231,-0.06638987007287511
2.7996661101836393,1.0767436742598384,1.0637761174532196,1.0916253268160152,-0.086896245708175,-0.1112318954539191,-0.0664459329135525
2.8046744574290483,1.0767584734870659,1.0637957048298312,1.091640017628061,-0.0869568810010719,-0.11129695001555717,-0.06650182967931073
2.8096828046744573,1.0767731661560078,1.0638151159039002,1.0916546258928657,-0.08701732603787349,-0.11136179832406867,-0.0665575609508764
2.8146911519198663,1.0767877533832866,1.063834352589423,1.0916691522776003,-0.08707758165519408,-0.11142644134273638,-0.06661312730854263
2.8196994991652753,1.076802236271075,1.06385341677912,1.0916835974417314,-0.08713764868571872,-0.11149088002915164,-0.06666852933205547
2.8247078464106843,1.0768166159073,1.063872310344646,1.091697962037136,-0.08719752795825997,-0.11155511533539197,-0.06672376760067067
2.8297161936560933,1.0768308933658377,1.0638910351367956,1.0917122467082157,-0.08725722029779348,-0.11161914820799268,-0.06677884269306134
2.8347245409015023,1.0768450697067113,1.0639095929857085,1.0917264520920034,-0.0873167265253656,-0.11168297958796103,-0.06683375518729662
2.8397328881469113,1.076859145976282,1.0639279857010733,1.0917405788182755,-0.08737604745818572,-0.11174661041088285,-0.06688850566075644
2.8447412353923207,1.0768731232074418,1.0639462150723311,1.0917546275096555,-0.08743518390963345,-0.11181004160688701,-0.06694309469018123
2.8497495826377297,1.0768870024197978,1.0639642828688773,1.0917685987817214,-0.08749413668918748,-0.11187327410069514,-0.06699752285155824
2.8547579298831387,1.0769007846198606,1.0639821908402622,1.0917824932431062,-0.08755290660251802,-0.11193630881167849,-0.06705179072008605
2.8597662771285477,1.076914470801225,1.063999940716392,1.0917963114956017,-0.08761149445146543,-0.11199914665390054,-0.06710589887025264
2.8647746243739567,1.0769280619447512,1.0640175342077252,1.091810054134258,-0.08766990103403316,-0.1120617885360673,-0.06715984787564366
2.8697829716193657,1.07694155901874,1.0640349730054703,1.091823721747479,-0.08772812714440192,-0.11212423536166227,-0.06721363830899207
2.8747913188647747,1.076954962979111,1.0640522587817842,1.0918373149171219,-0.08778617357297236,-0.11218648802893938,-0.06726727074217109
2.8797996661101837,1.0769682747695737,1.0640693931899639,1.0918508342185909,-0.08784404110632948,-0.11224854743093715,-0.06732074574612312
2.8848080133555927,1.0769814953217973,1.0640863778646417,1.09186428022093,-0.08790173052724981,-0.11231041445549295,-0.06737406389079581
2.8898163606010017,1.0769946255555805,1.0641032144219769,1.0918776534869148,-0.08795924261480081,-0.11237208998539927,-0.06742722574521309
2.8948247078464107,1.0770076663790147,1.064119904459847,1.0918909545731437,-0.08801657814417752,-0.11243357489825456,-0.0674802318773331
2.8998330550918197,1.07702061868865,1.0641364495580379,1.0919041840301262,-0.08807373788690853,-0.11249487006662662,-0.06753308285409787
2.9048414023372287,1.0770334833696533,1.0641528512784308,1.0919173424023683,-0.08813072261072818,-0.11255597635805259,-0.06758577924136944
2.9098497495826376,1.0770462612959706,1.0641691111651912,1.0919304302284614,-0.08818753307965466,-0.1126168946350461,-0.06763832160394401
2.9148580968280466,1.0770589533304789,1.0641852307449522,1.0919434480411638,-0.08824417005395446,-0.11267762575514695,-0.0676907105054596
2.9198664440734556,1.0770715603251466,1.0642012115270014,1.091956396367486,-0.0883006342902064,-0.1127381705709567,-0.0677429465084387
2.9248747913188646,1.0770840831211803,1.0642170550034618,1.0919692757287713,-0.08835692654127314,-0.11279852993016704,-0.06779503017421717
2.9298831385642736,1.0770965225491778,1.0642327626494748,1.0919820866407752,-0.0884130475563154,-0.11285870467558823,-0.06784696206292296
2.9348914858096826,1.0771088794292745,1.0642483359233794,1.0919948296137463,-0.08846899808083464,-0.11291869564515622,-0.06789874273350449
2.9398998330550916,1.0771211545712918,1.0642637762668925,1.0920075051525018,-0.08852477885664456,-0.11297850367201079,-0.06795037274360993
2.9449081803005006,1.0771333487748784,1.064279085105285,1.0920201137565053,-0.0885803906219067,-0.11303812958450976,-0.06800185264970082
2.9499165275459096,1.0771454628296535,1.0642942638475577,1.092032655919942,-0.08863583411114462,-0.11309757420625033,-0.06805318300689578
2.954924874791319,1.0771574975153457,1.0643093138866182,1.0920451321317919,-0.0886911100552581,-0.11315683835606904,-0.06810436436904155
2.959933222036728,1.0771694536019325,1.064324236599452,1.0920575428759023,-0.08874621918149472,-0.1132159228481413,-0.06815539728864906
2.964941569282137,1.077181331849774,1.064339033347295,1.0920698886310602,-0.08880116221351386,-0.11327482849195292,-0.06820628231686499
2.969949916527546,1.0771931330097484,1.0643537054758043,1.092082169871062,-0.08885593987139373,-0.11333355609237827,-0.06825702000352152
2.974958263772955,1.0772048578233853,1.0643682543152277,1.0920943870647835,-0.0889105528716172,-0.11339210644965902,-0.06830761089702975
2.979966611018364,1.077216507022992,1.0643826811805708,1.0921065406762456,-0.08896500192708601,-0.11345048035946803,-0.0683580555444081
2.984974958263773,1.077228081331786,1.064396987371762,1.0921186311646842,-0.0890192877471705,-0.11350867861290936,-0.06840835449127525
2.989983305509182,1.0772395814640203,1.0644111741738216,1.0921306589846151,-0.0890734110377025,-0.11356670199661778,-0.06845850828180744
2.994991652754591,1.0772510081251057,1.0644252428570193,1.092142624585897,-0.08912737250093983,-0.11362455129265925,-0.06850851745871012
3.0,1.077262362011738,1.0644391946770406,1.0921545284137981,-0.08918117283567284,-0.11368222727872279,-0.06855838256327473
