z,ln1pz,residual,dha_fit,fit_residual
0.1,0.09531017980432487,0.017677320527857754,0.017678376187840662,-1.055659982908408e-06
0.1118236472945891,0.10600159268915779,0.01758547071306471,0.017586471097968435,-1.0003849037244772e-06
0.1236472945891783,0.11657990737810812,0.01749295423707964,0.01749390111492095,-9.468778413117274e-07
0.1354709418837675,0.12704749164489748,0.017399810554969752,0.017400705641184712,-8.950862149595396e-07
0.1472945891783567,0.13740663967687602,0.017306077426099797,0.01730692238529003,-8.449591902340292e-07
0.1591182364729459,0.14765957509303626,0.01721179099473802,0.017212587442352736,-7.964476147169497e-07
0.170941883767535,0.15780845380887262,0.017116985866268974,0.017117735370219853,-7.495039508788326e-07
0.1827655310621242,0.16785536675732032,0.017021695179277874,0.01702239926149335,-7.040822154746884e-07
0.1945891783567134,0.17780234247436216,0.0169259506737669,0.016926610811686702,-6.601379198035995e-07
0.2064128256513026,0.18765134955730237,0.01682978275573621,0.01683040038375131,-6.17628015099625e-07
0.2182364729458918,0.19740429900315815,0.01673322055835702,0.016733797069193316,-5.765108362955351e-07
0.2300601202404809,0.20706304643411708,0.01663629199993566,0.01663682874598639,-5.367460507305077e-07
0.2418837675350701,0.2166293942165431,0.016539023838860967,0.01653952213347196,-4.98294610993405e-07
0.2537074148296593,0.22610509347958266,0.01644144172572215,0.016441902844425527,-4.611187033772002e-07
0.2655310621242485,0.23549184603902712,0.016343570252749018,0.016343995434455694,-4.2518170667582567e-07
0.2773547094188376,0.24479130623171733,0.016245433000745546,0.016245823448891597,-3.904481460509368e-07
0.2891783567134268,0.254005082665436,0.016147052583651345,0.016147409467304058,-3.568836527134689e-07
0.301002004008016,0.2631347398889175,0.01604845069087313,0.01604877514579642,-3.244549232929439e-07
0.3128256513026052,0.272181799986312,0.01594964812751032,0.015949941257192155,-2.9312968183661803e-07
0.3246492985971944,0.28114774410016763,0.015850664852594232,0.015850927729238178,-2.6287664394580856e-07
0.3364729458917835,0.2900340138867419,0.015751520015455434,0.015751753680935232,-2.3366547979852825e-07
0.3482965931863727,0.29884201290721957,0.0156522319903174,0.015652437457099745,-2.054667823450651e-07
0.3601202404809619,0.307573107958194,0.015552818409220848,0.015552996661254861,-1.782520340134347e-07
0.3719438877755511,0.3162286303445663,0.015453296193367327,0.015453448186942399,-1.5199357507149347e-07
0.3837675350701403,0.32480987709782816,0.01535368158296646,0.01535380824754175,-1.2666457528849595e-07
0.3955911823647294,0.3333181121425153,0.015253990165672304,0.01525409240467651,-1.0223900420540388e-07
0.4074148296593186,0.34175456741345606,0.015154236903680562,0.015154315595284656,-7.869160409401665e-08
0.4192384769539078,0.35012044392628466,0.015054436159560147,0.015054492157423549,-5.599786340182433e-08
0.431062124248497,0.35841691280354565,0.014954601720885252,0.01495463585487677,-3.413399151698526e-08
0.4428857715430861,0.3666451162585823,0.014854746823731668,0.014854759900625757,-1.307689408841517e-08
0.4547094188376753,0.37480616853927623,0.014754884175095073,0.014754876979245553,7.195849520413855e-09
0.4665330661322645,0.3829011568335877,0.01465502597429058,0.014654999268280464,2.6706010116880896e-08
0.4783567134268537,0.3909311421387379,0.014555183933381066,0.014555138458652136,4.547472893037807e-08
0.4901803607214429,0.3988971600957703,0.014455369296689113,0.014455305774149628,6.352253948543884e-08
0.5020040080160321,0.40680022179113373,0.014355592859434996,0.014355511990048052,8.086938694390478e-08
0.5138276553106212,0.41464131452683783,0.014255864985547984,0.014255767450899869,9.753464811496082e-08
0.5256513026052104,0.42242140256064825,0.01415619562468895,0.014156082087540291,1.1353714865838804e-07
0.5374749498997996,0.4301414278177098,0.014056594328528682,0.014056465433345957,1.288951827251028e-07
0.5492985971943888,0.4378023105749104,0.013957070266312543,0.013956926639783892,1.4362652865120007e-07
0.561122244488978,0.4454049501192296,0.013857632239751672,0.013857474491285627,1.577484660449796e-07
0.5729458917835671,0.45295022538124935,0.013758288697271581,0.013758117419479524,1.712777920569175e-07
0.5847695390781563,0.46043899554494316,0.013659047747648811,0.013658863516812442,1.8423083636941173e-07
0.5965931863727455,0.4678721006348017,0.013559917173066038,0.013559720549590275,1.9662347576325512e-07
0.6084168336673347,0.4752503620812977,0.013460904441614296,0.013460695970465212,2.0847114908482955e-07
0.6202404809619239,0.4825745832656429,0.013362016719265846,0.013361796930396155,2.197888696910122e-07
0.632064128256513,0.4898455500447396,0.013263260881347883,0.013263030290107218,2.3059124066443504e-07
0.6438877755511022,0.49706403125718557,0.01316464352353397,0.01316440263106803,2.4089246594000135e-07
0.6557114228456914,0.5042307792111455,0.01306617097238072,0.013065920266018166,2.507063625537681e-07
0.6675350701402806,0.5113465301548655,0.012967849295431266,0.012967589249057013,2.6004637425358634e-07
0.6793587174348698,0.5184120047305644,0.012869684310900409,0.012869415385319159,2.689255812499819e-07
0.6911823647294589,0.5254279084124022,0.012771681596965623,0.012771404240254362,2.773567112611397e-07
0.7030060120240481,0.5323949319291925,0.012673846500682373,0.012673561148530257,2.853521521156699e-07
0.7148296593186373,0.5393137516724905,0.012576184146534164,0.012575891222574902,2.929239592622257e-07
0.7266533066132265,0.5461850300906601,0.01247869944464397,0.012478399360775532,3.00083868438189e-07
0.7384769539078156,0.5530094160694956,0.012381397098651936,0.012381090255348932,3.0684330300408125e-07
0.7503006012024048,0.5597875452999419,0.012284281613282877,0.012283968399898166,3.132133847109919e-07
0.762124248496994,0.5665200406334377,0.0121873573016118,0.012187038096669604,3.1920494219725426e-07
0.7739478957915832,0.5732075124253759,0.012090628292042771,0.01209030346352351,3.248285192613415e-07
0.7857715430861724,0.5798505588671555,0.011994098535014874,0.011993768440630818,3.300943840559012e-07
0.7975951903807615,0.5864497663072774,0.011897771809444402,0.011897436796908089,3.3501253631287864e-07
0.8094188376753507,0.5930057095619149,0.01180165172891745,0.011801312136201995,3.3959271545508374e-07
0.8212424849699399,0.5995189522153682,0.01170574174764294,0.011705397903234294,3.4384440864530796e-07
0.8330661322645291,0.6059900469108002,0.011610045166174698,0.0116096973893175,3.4777685719786233e-07
0.8448897795591183,0.6124195356316224,0.011514565136915733,0.011514213737851173,3.513990645600401e-07
0.8567134268537074,0.6188079499738958,0.011419304669410435,0.011418949949608119,3.5471980231599476e-07
0.8685370741482966,0.6251558114100834,0.011324266635436953,0.011323908887819473,3.5774761747951744e-07
0.8803607214428858,0.6314636315444854,0.011229453773905274,0.011229093283067126,3.604908381475008e-07
0.892184368737475,0.6377319123606677,0.011134868695572342,0.011134505737991584,3.629575807580221e-07
0.9040080160320642,0.6439611464611852,0.011040513887577541,0.011040148731822987,3.6515575455378646e-07
0.9158316633266532,0.6501518172998826,0.010946391717811643,0.01094602462474268,3.6709306896337557e-07
0.9276553106212424,0.6563043994070512,0.01085250443912078,0.010852135662082261,3.6877703851918853e-07
0.9394789579158316,0.6624193586076995,0.010758854193354539,0.010758483978366913,3.7021498762619676e-07
0.9513026052104208,0.6684971522331918,0.010665443015266174,0.010665071601209298,3.7141405687633744e-07
0.96312625250501,0.674538229326494,0.010572272836268048,0.010571900455060184,3.723812078641059e-07
0.9749498997995992,0.6805430308412562,0.010479345488049407,0.010478972364821619,3.7312322778877693e-07
0.9867735470941884,0.6865119898349549,0.010386662706062477,0.010386289059328127,3.7364673434979456e-07
0.9985971943887776,0.6924455316563036,0.010294226132882,0.010293852174701365,3.739581806352227e-07
1.0104208416833669,0.6983440741271376,0.010202037321442203,0.010201663257583196,3.740638590075257e-07
1.022244488977956,0.7042080277189645,0.010110097738158519,0.010109723768252081,3.739699064378432e-07
1.0340681362725452,0.7100377957243691,0.01001840876593496,0.0100180350836274,3.736823075608381e-07
1.0458917835671344,0.7158337744234511,0.009926971707066246,0.009926598500166152,3.732069000939725e-07
1.0577154308617236,0.7215963532454668,0.009835787786033334,0.009835415236656223,3.7254937711173053e-07
1.0695390781563128,0.7273259149258398,0.009744858152202829,0.009744486436910334,3.717152924943845e-07
1.081362725450902,0.7330228356587,0.009654183882428224,0.009653813172364483,3.7071006374171656e-07
1.0931863727454911,0.7386874852451019,0.009563765983560568,0.009563396444584581,3.6953897598716867e-07
1.1050100200400803,0.7443202272370678,0.009473605394870077,0.009473237187684933,3.6820718514463113e-07
1.1168336673346697,0.749921419077598,0.009383702990383158,0.00938333627066181,3.6671972134839914e-07
1.128657314629259,0.7554914122367803,0.00929405958113838,0.00929369449964547,3.650814929100771e-07
1.1404809619238478,0.7610305523441312,0.009204675917361849,0.009204312620073691,3.632972881573854e-07
1.152304609218437,0.7665391793172914,0.009115552690570405,0.009115191318789824,3.613717805810851e-07
1.1641282565130262,0.7720176274871955,0.009026690535597792,0.009026331226068196,3.593095295965215e-07
1.1759519038076154,0.7774662257198321,0.008938090032554635,0.008937732917569635,3.571149850001287e-07
1.1877755511022046,0.7828852975347053,0.008849751708718934,0.008849396916229681,3.5479248925232576e-07
1.1995991983967935,0.7882751612201021,0.008761676040362376,0.008761323694082095,3.523462802808297e-07
1.211422845691383,0.7936361299452726,0.008673863454514263,0.00867351367401992,3.4978049434294944e-07
1.223246492985972,0.7989685118696156,0.008586314330665257,0.008585967231496627,3.470991686294056e-07
1.2350701402805613,0.8042726102489727,0.008499029002412284,0.008498684696169328,3.443062429556859e-07
1.2468937875751505,0.8095487235391147,0.008412007759049933,0.008411666353486353,3.414055635801716e-07
1.2587174348697396,0.8147971454965143,0.008325250847106114,0.008324912446221149,3.3840088496488174e-07
1.2705410821643288,0.8200181652764877,0.008238758471825758,0.008238423175954497,3.352958712603965e-07
1.282364729458918,0.8252120675287868,0.008152530798607227,0.008152198704506898,3.320941003286809e-07
1.2941883767535072,0.8303791324907226,0.008066567954387427,0.00806623915532296,3.2879906446646456e-07
1.3060120240480964,0.8355196360778943,0.007980870028982068,0.007980544614809485,3.2541417258231953e-07
1.3178356713426855,0.8406338499725993,0.007895437076382406,0.007895115133628968,3.2194275343712386e-07
1.3296593186372747,0.8457220417099928,0.007810269116006685,0.007809950727950049,3.183880566363234e-07
1.341482965931864,0.8507844747620673,0.007725366133911393,0.007725051380656512,3.147532548816029e-07
1.353306613226453,0.8558214086195168,0.0076407280839616565,0.007640417042516248,3.1104144540810424e-07
1.3651302605210422,0.8608330988715498,0.007556354888964556,0.007556047633311652,3.0725565290396634e-07
1.3769539078156314,0.8658197972837115,0.00747224644176292,0.007471943042932785,3.033988301348253e-07
1.3887775551102206,0.8707817518737765,0.007388402606295363,0.007388103132434601,2.9947386076274035e-07
1.4006012024048098,0.8757192069857668,0.007304823218619694,0.007304527735059554,2.954835601398295e-07
1.412424849699399,0.8806324033621519,0.007221508087903894,0.007221216657226725,2.914306771687608e-07
1.424248496993988,0.8855215782142839,0.007138456997385356,0.007138169679488679,2.8731789667758856e-07
1.436072144288577,0.8903869652911193,0.007055669705296808,0.007055386557457162,2.8314783964526746e-07
1.4478957915831665,0.8952287949462766,0.006973145945764481,0.006972867022698702,2.7892306577858433e-07
1.4597194388777557,0.9000472942034781,0.006890885429676308,0.006890610783601187,2.746460751211141e-07
1.4715430861723449,0.9048426868204238,0.006808887845520584,0.006808617526212366,2.703193082180186e-07
1.483366733466934,0.9096151933511403,0.006727152860199981,0.006726886915051268,2.6594514871292746e-07
1.4951903807615232,0.9143650312068482,0.006645680119818254,0.006645418593893474,2.6152592477995257e-07
1.5070140280561124,0.9190924147153925,0.006564469250440297,0.0065642121865310925,2.570639092043525e-07
1.5188376753507016,0.9237975551792732,0.006483519858830666,0.006483267297508341,2.5256132232549106e-07
1.5306613226452908,0.928480660932318,0.00640283153316501,0.006402583512833495,2.4802033151468533e-07
1.54248496993988,0.933141937395034,0.006322403843722624,0.006322160400668093,2.4344305453102844e-07
1.5543086172344691,0.9377815871286751,0.006242236343552587,0.006241997511994075,2.388315585126477e-07
1.5661322645290583,0.9423998098880614,0.006162328569122133,0.006162094381259642,2.341878624911864e-07
1.5779559118236477,0.9469968026731834,0.006082680040943256,0.006082450527004517,2.2951393873881648e-07
1.5897795591182369,0.9515727597796272,0.006003290264177785,0.006003065452465341,2.2481171244384535e-07
1.6016032064128258,0.9561278728478496,0.00592415872922647,0.005923938646161799,2.200830646710214e-07
1.613426853707415,0.9606623309113375,0.005845284912295412,0.005845069582464163,2.1532983124870897e-07
1.6252505010020042,0.9651763204436786,0.005766668275948961,0.005766457722142852,2.1055380610909835e-07
1.6370741482965934,0.9696700254045763,0.0056883082696412846,0.0056881025129005966,2.057567406879915e-07
1.6488977955911823,0.9741436272848337,0.005610204330232849,0.005610003389887764,2.0094034508446462e-07
1.6607214428857715,0.9785973051503377,0.0055323558824911245,0.005532159776201427,1.9610628969757987e-07
1.672545090180361,0.9830312356850657,0.005454762339573982,0.0054545710833686905,1.9125620529143739e-07
1.68436873747495,0.9874455932331448,0.005377423103499757,0.005377236711814784,1.863916849727601e-07
1.6961923847695393,0.9918405498399868,0.005300337565600444,0.0053001560513164184,1.8151428402522762e-07
1.7080160320641284,0.9962162752925218,0.00522350510696179,0.005223328481440873,1.7662552091735062e-07
1.7198396793587176,1.0005729371585566,0.005146925098850286,0.005146753371971302,1.7172687898341782e-07
1.7316633266533068,1.0049107008252787,0.005070596903124613,0.005070430083318685,1.6681980592823248e-07
1.743486973947896,1.0092297295369304,0.004994519872637104,0.004994357966920824,1.6190571628001138e-07
1.7553106212424852,1.0135301844316695,0.004918693351618986,0.0049185363656288825,1.5698599010322e-07
1.7671342685370743,1.0178122245776449,0.004843116676057413,0.0048429646140817515,1.5206197566137308e-07
1.7789579158316635,1.0220760070083,0.004767789174057846,0.004767642039068713,1.4713498913253992e-07
1.7907815631262527,1.0263216867569278,0.004692710166196212,0.004692567959880779,1.4220631543333806e-07
1.8026052104208417,1.0305494168904958,0.004617878965860189,0.004617741688650986,1.3727720920338887e-07
1.814428857715431,1.0347593485427586,0.004543294879579163,0.004543162530684086,1.3234889507680175e-07
1.82625250501002,1.0389516309466758,0.004468957207344859,0.004468829784775886,1.274225689728084e-07
1.8380761523046092,1.043126411466155,0.004394865242920432,0.00439474274352264,1.2249939779131885e-07
1.8498997995991984,1.047283835627132,0.004321018274141997,0.0043209006936207476,1.1758052124912627e-07
1.861723446893788,1.0514240471480112,0.004247415583208403,0.004247302916157082,1.1266705132045862e-07
1.873547094188377,1.0555471879694749,0.004174056446963892,0.00417394868689027,1.077600736221554e-07
1.885370741482966,1.0596533982836838,0.004100940137171216,0.004100837276523107,1.0286064810929169e-07
1.8971943887775555,1.0637428165628782,0.004028065920774981,0.004027967950966544,9.796980843766734e-08
1.9090180360721445,1.0678155795873967,0.003955433060159663,0.003955339971595359,9.30885643039489e-08
1.9208416833667337,1.071871822473129,0.003883040813396299,0.003882952595495843,8.821790045600991e-08
1.9326653306613228,1.075911678698411,0.003810888434484072,0.0038108050757057316,8.335877834048447e-08
1.944488977955912,1.079935280130382,0.0037389751735823484,0.003738896661446636,7.85121357124545e-08
1.9563126252505008,1.0839427570508107,0.003667300277236718,0.0036672265983491666,7.367888755138371e-08
1.9681362725450904,1.0879342381814083,0.003595862988598153,0.0035957941286710216,6.885992713144204e-08
1.97995991983968,1.0919098507086367,0.003524662547633728,0.0035245984915082337,6.405612549414963e-08
1.9917835671342687,1.0958697203080259,0.003453698191332233,0.003453638922999771,5.926833246188909e-08
2.003607214428858,1.0998139711680137,0.003382969153902904,0.0033829146565256918,5.4497377212098935e-08
2.015430861723447,1.1037427260133137,0.003312474666967047,0.0033124249228991143,4.9744067932497305e-08
2.0272545090180363,1.107656106127829,0.0032422139597461097,0.0032421689505521024,4.500919400726722e-08
2.039078156312625,1.111554231377117,0.00317218625923954,0.003172145965715703,4.0293523836942846e-08
2.050901803607214,1.115437220230421,0.0031023907904024206,0.0031023551925942815,3.559780813915461e-08
2.062725450901804,1.1193051897822721,0.0030328267763126693,0.0030327958535344,3.092277826941686e-08
2.074549098196393,1.1231582557736772,0.0029634934383353517,0.0029634671691882914,2.626914706030034e-08
2.086372745490982,1.1269965326129012,0.0028943899962821096,0.0028943683586721445,2.1637609965048654e-08
2.098196392785572,1.1308201333958487,0.0028255156685648153,0.002825498639719455,1.702884536028751e-08
2.1100200400801605,1.1346291699260604,0.0027568696723427877,0.0027568572288293788,1.2443513408913476e-08
2.1218436873747497,1.1384237527343295,0.0026884512236686753,0.002688443341410426,7.882258249315016e-09
2.133667334669339,1.142203991097946,0.002620259537627012,0.00262025619191956,3.3457074519703534e-09
2.145490981963928,1.1459699930595801,0.002552293828469221,0.0025522949939968307,-1.1655276097553846e-09
2.157314629258517,1.1497218654458106,0.002484553309744175,0.002484558960595697,-5.650851521953049e-09
2.1691382765531064,1.153459713885308,0.002417037194426541,0.0024170473041091453,-1.0109682604085568e-08
2.180961923847696,1.1571836428266773,0.0023497446950355716,0.002349759236491768,-1.4541456196288938e-08
2.192785571142285,1.1608937555559706,0.002282675023756342,0.0022826939693778945,-1.8945621552482472e-08
2.204609218436874,1.164590154213878,0.002215827392553882,0.0022158507141958605,-2.3321641978713004e-08
2.216432865731463,1.1682729398125977,0.0021492010132830863,0.0021492286822786194,-2.7668995533115803e-08
2.2282565130260523,1.1719422122524012,0.0020827950977972964,0.0020828270849706934,-3.198717339700924e-08
2.240080160320641,1.1755980703378925,0.0020166088580504393,0.002016645133731675,-3.627568123578534e-08
2.2519038076152307,1.1792406117939724,0.001950641506200057,0.0019506820402363063,-4.053403624922937e-08
2.26372745490982,1.1828699332815122,0.0018848922547005653,0.0018849370164712822,-4.4761770716860924e-08
2.275551102204409,1.1864861304127468,0.0018193603164011751,0.0018194092748288436,-4.8958427668497825e-08
2.287374749498998,1.1900892977663855,0.0017540449046333784,0.0017540980281972726,-5.3123563894218184e-08
2.2991983967935874,1.1936795289024575,0.0016889452333006538,0.0016890024900483751,-5.725674772131227e-08
2.311022044088177,1.1972569163768865,0.0016240605169637323,0.0016241218745220696,-6.135755833730668e-08
2.3228456913827658,1.2008215517558083,0.0015593899709189785,0.0015594553965080835,-6.542558910502087e-08
2.334669338677355,1.2043735256296353,0.0014949328112825455,0.0014950022717249254,-6.9460442379864e-08
2.346492985971944,1.207912927626868,0.001430688255063206,0.0014307617167962233,-7.346173301722887e-08
2.3583166332665333,1.2114398464276674,0.0013666555202385133,0.0013667329493243859,-7.742908587253863e-08
2.3701402805611225,1.2149543697771856,0.0013028338258247452,0.0013029151879618112,-8.136213706607699e-08
2.381963927855712,1.2184565844986652,0.0012392223919468481,0.001239307652479633,-8.526053278494483e-08
2.393787575150301,1.2219465765063078,0.0011758204399034966,0.0011759095638340902,-8.912393059364379e-08
2.40561122244489,1.2254244308179223,0.0011126271922345943,0.001112720144230558,-9.295199596376195e-08
2.417434869739479,1.22889023156735,0.0010496418727794499,0.0010497386171854093,-9.674440595939388e-08
2.4292585170340684,1.2323440620166772,0.0009868637067389496,0.000986964207585665,-1.0050084671528632e-07
2.441082164328657,1.2357860045682383,0.0009242919207330669,0.000924396141746529,-1.0422101346210019e-07
2.4529058116232467,1.239216140776411,0.000861925742855485,0.0008620336474668776,-1.0790461139268803e-07
2.464729458917836,1.2426345513592119,0.0007997644027288864,0.0007998759540827885,-1.1155135390210867e-07
2.476553106212425,1.2460413162096926,0.0007378071315560231,0.0007379222925191223,-1.1516096309926224e-07
2.4883767535070143,1.2494365144071449,0.0006760531621683441,0.0006761718953391951,-1.187331708509768e-07
2.5002004008016034,1.252820224228114,0.0006145017290763999,0.0006146239967926971,-1.222677162972339e-07
2.5120240480961926,1.2561925231572266,0.000553152068514029,0.0005532778328618008,-1.257643477718326e-07
2.523847695390782,1.2595534878978383,0.0004920034184840993,0.0004921326413055739,-1.292228214745672e-07
2.535671342685371,1.2629031943825013,0.00043105501880180697,0.00043118766170268015,-1.3264290087318126e-07
2.54749498997996,1.266241717783258,0.000370306111134866,0.0003704421354925525,-1.360243576865221e-07
2.5593186372745493,1.2695691325217626,0.00030975593904303267,0.0003098953060149009,-1.3936697186822363e-07
2.5711422845691385,1.272885512279236,0.0002494037480180733,0.0002495464185477717,-1.4267052969840202e-07
2.582965931863728,1.276190930006256,0.00018924878551862534,0.00018939472034403885,-1.459348254135098e-07
2.594789579158317,1.2794854579323842,0.00012929030100550243,0.00012943946066658313,-1.491596610807039e-07
2.606613226452906,1.2827691675756385,6.952754597810973e-05,6.967989082193503e-05,-1.5234484382529675e-07
2.6184368737474952,1.2860421297518074,9.959774003309718e-06,1.0115264192674213e-05,-1.554901893644947e-07
2.6302605210420844,1.2893044145836132,-4.941375925093805e-05,-4.925516373155144e-05,-1.585955193866121e-07
2.6420841683366736,1.292556091509728,-0.00010859379598682217,-0.00010843213532426837,-1.6166066255379893e-07
2.6539078156312628,1.2957972292936404,-0.00016758107624714746,-0.00016741639079364477,-1.6468545350269452e-07
2.665731462925852,1.2990278960323816,-0.0002263763378886896,-0.0002262086681551661,-1.6766973352349548e-07
2.677555110220441,1.3022481591651103,-0.00028498031655543876,-0.0002848097032055321,-1.7061334990663753e-07
2.6893787575150303,1.3054580854815592,-0.0003433937456537306,-0.0003432202294975975,-1.735161561330933e-07
2.7012024048096195,1.308657741130347,-0.0004016173563279324,-0.00040144097831650233,-1.763780114300527e-07
2.7130260521042087,1.3118471916271575,-0.0004596518774371283,-0.0004594726786568067,-1.7919878032162957e-07
2.724849699398798,1.3150265018627887,-0.0005174980355353576,-0.0005173160572007163,-1.8197833464130356e-07
2.736673346693387,1.3181957361110748,-0.0005751565548474113,-0.0005749718382972832,-1.8471655012812158e-07
2.748496993987976,1.3213549580366821,-0.0006326281572509584,-0.0006324407439426038,-1.8741330835468032e-07
2.7603206412825654,1.3245042307027843,-0.0006899135622574493,-0.0006897234937609611,-1.9006849648816812e-07
2.7721442885771546,1.3276436165786136,-0.0007470134869940193,-0.0007468208049868853,-1.9268200713391456e-07
2.783967935871744,1.3307731775468976,-0.0008039286461856143,-0.0008037333924481321,-1.952537374822318e-07
2.795791583166333,1.3338929749111772,-0.0008606597521391146,-0.000860461968549497,-1.97783589617629e-07
2.807615230460922,1.3370030694030133,-0.0009172075147287906,-0.0009170072432575106,-2.0027147128003076e-07
2.8194388777555117,1.3401035211890788,-0.0009735726413802048,-0.0009733699240859252,-2.0271729427967337e-07
2.8312625250501005,1.3431943898781435,-0.0010297558370575555,-0.001029550716082006,-2.0512097554954006e-07
2.8430861723446896,1.3462757345279512,-0.0010857578042497984,-0.001085550321813626,-2.074824361722894e-07
2.854909819639279,1.349347613651989,-0.001141579242959101,-0.0011413694413570496,-2.0980160205137655e-07
2.866733466933868,1.352410085226155,-0.0011972208506894066,-0.0011970087722854655,-2.1207840394119395e-07
2.878557114228457,1.3554632066953236,-0.0012526833224340006,-0.0012524690096582965,-2.1431277570410807e-07
2.8903807615230463,1.3585070349798114,-0.001307967350667516,-0.0013077508460110673,-2.165046564487228e-07
2.9022044088176355,1.3615416264817441,-0.001363073625334943,-0.0013628549713460552,-2.1865398888774694e-07
2.9140280561122247,1.364567037091327,-0.0014180028338437456,-0.0014177820731234875,-2.2076072025804805e-07
2.925851703406814,1.3675833221930223,-0.0014727556610549808,-0.0014725328362534687,-2.2282480151205458e-07
2.937675350701403,1.3705905366716316,-0.0015273327892754152,-0.0015271079430884003,-2.2484618701482974e-07
2.949498997995992,1.3735887349182894,-0.001581734898251752,-0.0015815080734161008,-2.2682483565125873e-07
2.961322645290581,1.3765779708363652,-0.001635962665163193,-0.0016357339044534023,-2.2876070979085256e-07
2.9731462925851706,1.3795582978472785,-0.0016900167646152209,-0.0016897861108403772,-2.306537748436588e-07
2.98496993987976,1.3825297688962268,-0.0017438978686356021,-0.001743665364635044,-2.3250400055805157e-07
2.996793587174349,1.3854924364578296,-0.0017976066466688367,-0.0017973723353086424,-2.343113601943527e-07
3.008617234468938,1.3884463525416886,-0.0018511437655711616,-0.0018509076897413634,-2.3607582979819942e-07
3.0204408817635278,1.3913915686978664,-0.001904509889607775,-0.0019042720922186494,-2.3779738912558558e-07
3.0322645290581165,1.3943281360222826,-0.0019577056804490622,-0.001957466204427846,-2.394760212163366e-07
3.0440881763527057,1.3972561051620356,-0.0020107317971675975,-0.0020104906854554643,-2.411117121332504e-07
3.055911823647295,1.4001755263206415,-0.002063588896235591,-0.0020633461917847584,-2.427044508324268e-07
3.067735470941884,1.4030864492631991,-0.0021162776315243326,-0.0021160333772938154,-2.442542305172192e-07
3.079559118236473,1.405988923321482,-0.0021687986542995308,-0.002168552893254041,-2.457610454899284e-07
3.0913827655310624,1.408882997398952,-0.0022211526132236425,-0.0022209053883290534,-2.47224894589157e-07
3.103206412825652,1.411768719975706,-0.0022733401543529874,-0.0022730915085739704,-2.4864577901706833e-07
3.1150300601202408,1.4146461391133458,-0.0023253619211374144,-0.0023251118974350607,-2.5002370235369803e-07
3.12685370741483,1.4175153024597837,-0.002377218554421523,-0.0023769671957498315,-2.51358671691463e-07
3.138677354709419,1.4203762572539755,-0.0024289106924433312,-0.002428658041747386,-2.526506959451072e-07
3.1505010020040083,1.4232290503305867,-0.002480438970836607,-0.002480185071049174,-2.53899787432902e-07
3.162324649298597,1.4260737281245937,-0.002531804022630313,-0.002531548916670101,-2.5510596021174545e-07
3.174148296593186,1.4289103366758187,-0.002583006478251937,-0.0025827502090199246,-2.5626923201224616e-07
3.185971943887776,1.4317389216334004,-0.002634046965526604,-0.0026337895759049666,-2.573896216375056e-07
3.197795591182365,1.434559528260202,-0.00268492610968174,-0.0026846676425301597,-2.58467151580382e-07
3.209619238476954,1.4373722014371564,-0.0027356445333471813,-0.002735385031501369,-2.5950184581215174e-07
3.221442885771544,1.4401769856675528,-0.0027862028565590613,-0.0027859423628280176,-2.604937310436532e-07
3.2332665330661325,1.4429739250812594,-0.00283660169676192,-0.0028363402539259347,-2.6144283598542734e-07
3.2450901803607217,1.4457630634388923,-0.0028868416688123677,-0.002886579319620575,-2.62349191792674e-07
3.256913827655311,1.4485444441359205,-0.002936923384981749,-0.002936660172150377,-2.632128313717966e-07
3.2687374749499,1.45131811020672,-0.002986847454960695,-0.0029865834211704793,-2.64033790215671e-07
3.2805611222444893,1.4540841043285668,-0.0030366144858620103,-0.0030363496737565734,-2.6481210543697134e-07
3.2923847695390784,1.456842468825578,-0.0030862250822256687,-0.003085959534409113,-2.6554781655573415e-07
3.304208416833668,1.4595932456725975,-0.0031356798460226987,-0.003135413605057623,-2.6624096507565226e-07
3.316032064128257,1.4623364764990283,-0.0031849793766589585,-0.0031847124850653274,-2.6689159363102455e-07
3.327855711422846,1.4650722025926133,-0.0032341242709817974,-0.003233856771233939,-2.6749974785852254e-07
3.339679358717435,1.4678004649031628,-0.0032831151232827205,-0.003282847057808659,-2.6806547406138526e-07
3.3515030060120243,1.470521304046233,-0.0033319525253049376,-0.0033316839364833676,-2.685888215699442e-07
3.363326653306613,1.4732347603067546,-0.0033806370662465834,-0.003380367996406047,-2.6906984053635605e-07
3.3751503006012027,1.47594087364261,-0.00342916933276749,-0.003428899824184326,-2.695085831640881e-07
3.386973947895792,1.4786396836881655,-0.003477549908994737,-0.003477280003891242,-2.699051034949808e-07
3.398797595190381,1.4813312297577532,-0.003525779376527649,-0.003525509117071164,-2.702594564850738e-07
3.4106212424849702,1.4840155508491077,-0.003573858314445788,-0.0035735877427458766,-2.70571699911501e-07
3.4224448897795594,1.486692685646757,-0.0036217872993127287,-0.0036215164574208416,-2.7084189188706503e-07
3.4342685370741486,1.4893626725253668,-0.003669566905184385,-0.003669295835091568,-2.710700928170058e-07
3.4460921843687378,1.4920255495530406,-0.003717197703614339,-0.003716926447250184,-2.712563641547698e-07
3.457915831663327,1.4946813544945778,-0.0037646802636611687,-0.0037644088628921153,-2.7140076905339885e-07
3.469739478957916,1.4973301248146862,-0.0038120151518951095,-0.0038117436485229105,-2.7150337219899665e-07
3.4815631262525053,1.499971897681153,-0.003859202932404604,-0.0038589313681651905,-2.7156423941347707e-07
3.4933867735470945,1.5026067099679745,-0.0039062441668034076,-0.0039059725833657487,-2.7158343765890103e-07
3.505210420841684,1.5052345982584452,-0.003953139414238582,-0.003952867853202743,-2.7156103583891866e-07
3.517034068136273,1.507855598848203,-0.003999889231396381,-0.003999617734293001,-2.7149710337976557e-07
3.528857715430862,1.51046974774824,-0.004046494172511572,-0.004046222780799497,-2.713917120755749e-07
3.540681362725451,1.5130770806878695,-0.004092954789372438,-0.004092683544438842,-2.71244933596447e-07
3.5525050100200404,1.5156776331176565,-0.004139271631330765,-0.004139000574488961,-2.710568418043055e-07
3.5643286573146296,1.5182714402123092,-0.0041854452453078395,-0.004185174417796816,-2.7082751102337765e-07
3.5761523046092187,1.520858536873535,-0.004231476175804105,-0.004231205618786264,-2.7055701784170494e-07
3.587975951903808,1.5234389577328573,-0.004277364964904051,-0.004277094719465961,-2.70245438090122e-07
3.599799599198397,1.5260127371543972,-0.004323112152288089,-0.0043228422594374,-2.698928506890061e-07
3.6116232464929854,1.5285799092376195,-0.0043687182752371045,-0.004368448775902985,-2.694993341198493e-07
3.623446893787576,1.5311405078200444,-0.004414183868642896,-0.004413914803674242,-2.69064968653511e-07
3.6352705410821646,1.5336945664799206,-0.004459509465015277,-0.0044592408751800185,-2.6858983525820945e-07
3.647094188376754,1.5362421185388713,-0.0045046955944914036,-0.004504427520474871,-2.68074016532803e-07
3.658917835671343,1.5387831970644998,-0.0045497427848421035,-0.004549475267247418,-2.6751759468583713e-07
3.670741482965932,1.5413178348729661,-0.004594651561482865,-0.004594384640828813,-2.669206540526284e-07
3.682565130260521,1.5438460645315293,-0.004639422447481056,-0.004639156164201267,-2.6628327978901745e-07
3.6943887775551114,1.5463679183610588,-0.0046840559635635826,-0.004683790358006632,-2.656055569502311e-07
3.7062124248497,1.5488834284385125,-0.004728552628127436,-0.0047282877405550264,-2.6488757240948624e-07
3.718036072144289,1.5513926265993858,-0.004772912957247133,-0.004772648827833533,-2.6412941360031555e-07
3.729859719438878,1.5538955444401297,-0.004817137464683485,-0.004816874133514962,-2.6333116852350624e-07
3.7416833667334672,1.5563922133205363,-0.004861226661893037,-0.004860964168966601,-2.624929264357853e-07
3.753507014028056,1.5588826643660973,-0.004905181058035946,-0.004904919443259072,-2.616147768740376e-07
3.7653306613226456,1.5613669284703329,-0.004949001159985533,-0.004948740463175216,-2.6069681031710285e-07
3.777154308617235,1.5638450362970897,-0.004992687472336832,-0.0049924277332189845,-2.597391178475045e-07
3.788977955911824,1.5663170182828128,-0.0050362404974162445,-0.0050359817556243965,-2.587417918479412e-07
3.800801603206413,1.5687829046387887,-0.00507966073528876,-0.005079403030364561,-2.5770492419890934e-07
3.8126252505010014,1.5712427253533603,-0.0051229486837697236,-0.005122692055160646,-2.56628609077679e-07
3.824448897795592,1.5736965101941158,-0.005166104838430385,-0.0051658493254909685,-2.555129394168562e-07
3.8362725450901807,1.576144288710049,-0.005209129692610226,-0.005208875334600056,-2.543580101699999e-07
3.84809619238477,1.5785860902336952,-0.005252023737424616,-0.005251770573507751,-2.531639168648625e-07
3.859919839679359,1.5810219438832407,-0.005294787461772477,-0.005294535531018348,-2.5193075412887483e-07
3.871743486973948,1.5834518785646048,-0.005337421352348715,-0.005337170693729733,-2.506586189816515e-07
3.8835671342685374,1.5858759229734993,-0.005379925893650994,-0.005379676546042559,-2.4934760843500076e-07
3.895390781563127,1.588294105597461,-0.005422301567989174,-0.005422053570169433,-2.4799781974099017e-07
3.907214428857716,1.5907064547178613,-0.0054645488554943,-0.005464302246144129,-2.466093501707692e-07
3.919038076152305,1.5931129984118892,-0.005506668234129597,-0.005506423051830776,-2.4518229882128373e-07
3.930861723446894,1.5955137645545143,-0.005548660179697351,-0.005548416462933132,-2.437167642187557e-07
3.9426853707414833,1.597908780820422,-0.005590525165849347,-0.005590282953003788,-2.422128455590103e-07
3.954509018036073,1.600298074685929,-0.005632263664096526,-0.005632022993453436,-2.4067064308998243e-07
3.9663326653306616,1.602681673430874,-0.005673876143816536,-0.005673637053560122,-2.3909025641428994e-07
3.978156312625251,1.6050596041404868,-0.005715363072265611,-0.005715125600478514,-2.3747178709739025e-07
3.98997995991984,1.6074318937072347,-0.005756724914584455,-0.005756489099249162,-2.358153352926759e-07
4.001803607214429,1.609798568832648,-0.005797962133810564,-0.005797728012807781,-2.3412100278244474e-07
4.013627254509018,1.6121596560291223,-0.005839075190886112,-0.005838842801994517,-2.3238889159445802e-07
4.025450901803607,1.6145151816217014,-0.00588006454466683,-0.005879833925563214,-2.3061910361596438e-07
4.037274549098196,1.6168651717498381,-0.005920930651932221,-0.0059207018401907004,-2.2881174152090955e-07
4.0490981963927855,1.6192096523691342,-0.005961673967394221,-0.00596144700048604,-2.2696690818099774e-07
4.060921843687375,1.6215486492530613,-0.006002294943706965,-0.00600206985899982,-2.2508470714534268e-07
4.072745490981964,1.6238821879946608,-0.006042794031474674,-0.006042570866233393,-2.2316524128131177e-07
4.084569138276553,1.6262102940082235,-0.0060831716792629775,-0.006082950470648151,-2.2120861482670395e-07
4.096392785571142,1.6285329925309509,-0.006123428333606573,-0.006123209118674741,-2.1921493183196805e-07
4.108216432865731,1.6308503086245967,-0.006163564439019442,-0.006163347254722352,-2.1718429709001452e-07
4.1200400801603205,1.6331622671770891,-0.006203580438002287,-0.006203365321187905,-2.1511681438241004e-07
4.13186372745491,1.6354688929041346,-0.006243476771054968,-0.006243263758465282,-2.1301258968601383e-07
4.143687374749499,1.6377702103508034,-0.006283253876681827,-0.0062830430049545544,-2.1087172727245196e-07
4.155511022044088,1.6400662438930964,-0.006322912191403907,-0.006322703497071155,-2.0869433275168964e-07
4.167334669338677,1.642357017739495,-0.0063624521497669395,-0.006362245669255076,-2.0648051186379635e-07
4.179158316633266,1.6446425559324918,-0.0064018741843505644,-0.0064016699539800204,-2.0423037054399795e-07
4.190981963927856,1.646922882350105,-0.006441178725777319,-0.006440976781762586,-2.019440147327245e-07
4.202805611222445,1.6491980207073753,-0.0064803662027218545,-0.006480166581171377,-1.9962155047709151e-07
4.214629258517034,1.651467994557846,-0.006519437041920373,-0.006519239778836131,-1.972630842422829e-07
4.226452905811623,1.653732827295025,-0.0065583916681795085,-0.006558196799456825,-1.9486872268343475e-07
4.238276553106212,1.6559925421538322,-0.006597230504384877,-0.006597038065812762,-1.9243857211481002e-07
4.2501002004008015,1.6582471622120298,-0.006635953971511621,-0.006635763998771638,-1.899727399834461e-07
4.261923847695391,1.6604967103916364,-0.006674562488631408,-0.006674375017298583,-1.8747133282478318e-07
4.27374749498998,1.6627412094603242,-0.006713056472923196,-0.006712871538465191,-1.8493445800432662e-07
4.285571142284569,1.6649806820328032,-0.006751436339681227,-0.006751253977458522,-1.8236222270543584e-07
4.297394789579158,1.6672151505721877,-0.006789702502323913,-0.006789522747590089,-1.7975473382437351e-07
4.309218436873747,1.6694446373913476,-0.00682785537240449,-0.006827678260304821,-1.7711209966859986e-07
4.321042084168337,1.671669164654246,-0.006865895359617347,-0.006865720925189987,-1.7443442735989162e-07
4.332865731462926,1.6738887543772618,-0.006903822871808574,-0.006903651149984129,-1.7172182444503276e-07
4.344689378757515,1.6761034284304956,-0.006941638314984844,-0.006941469340585938,-1.6897439890535548e-07
4.356513026052104,1.6783132085390635,-0.006979342093321295,-0.00697917590106312,-1.6619225817488675e-07
4.368336673346693,1.6805181162843765,-0.007016934609171632,-0.007016771233661252,-1.6337551038067555e-07
4.3801603206412825,1.6827181731054035,-0.007054416263075902,-0.007054255738812569,-1.6052426333318381e-07
4.391983967935872,1.6849134002999238,-0.00709178745377026,-0.007091629815144774,-1.5763862548558855e-07
4.403807615230461,1.687103819025763,-0.007129048578193853,-0.0071288938594898064,-1.5471870404640264e-07
4.41563126252505,1.689289450302017,-0.007166200031499925,-0.007166048266892546,-1.5176460737946484e-07
4.427454909819639,1.691470315010262,-0.007203242207062921,-0.007203093430619535,-1.4877644338631008e-07
4.439278557114228,1.6936464338957518,-0.007240175496488477,-0.00724002974216768,-1.4575432079680373e-07
4.4511022044088175,1.6958178275686013,-0.0072770002896198616,-0.007276857591272862,-1.4269834699986994e-07
4.462925851703407,1.6979845165049592,-0.007313716974548967,-0.007313577365918594,-1.3960863037322524e-07
4.474749498997996,1.7001465210481643,-0.007350325937623192,-0.007350189452344586,-1.3648527860590093e-07
4.486573146292585,1.702303861409893,-0.007386827563455767,-0.007386694235055333,-1.3332840043383393e-07
4.498396793587174,1.7044565576712936,-0.007423222234932525,-0.007423092096828632,-1.3013810389300023e-07
4.510220440881763,1.7066046297841055,-0.007459510333220676,-0.007459383418724086,-1.269144965900318e-07
4.522044088176353,1.7087480975717713,-0.007495692237778129,-0.007495568580091586,-1.2365768654269e-07
4.533867735470942,1.7108869807305334,-0.00753176832636171,-0.007531647958579767,-1.2036778194307596e-07
4.545691382765531,1.7130212988305191,-0.007567738975035376,-0.007567621930144374,-1.1704489100237275e-07
4.55751503006012,1.7151510713168168,-0.007603604558178323,-0.007603490869056693,-1.1368912162992156e-07
4.569338677354709,1.717276317510537,-0.007639365448492863,-0.007639255147911869,-1.1030058099433665e-07
4.5811623246492985,1.7193970566098657,-0.007675022017014865,-0.007674915137637244,-1.0687937762165339e-07
4.592985971943888,1.721513307691104,-0.00771057463311986,-0.007710471207500619,-1.0342561924080174e-07
4.604809619238477,1.7236250897096976,-0.007746023664532031,-0.007745923725118533,-9.993941349831226e-08
4.616633266533066,1.7257324215012564,-0.00778136947733199,-0.00778127305646447,-9.642086751943113e-08
4.628456913827655,1.7278353217825613,-0.00781661243596643,-0.007816519565877035,-9.287008939477814e-08
4.640280561122244,1.7299338091525627,-0.007851752903254128,-0.007851663616068146,-8.92871859815847e-08
4.652104208416834,1.7320279020933669,-0.007886791240396707,-0.007886705568131118,-8.567226558904573e-08
4.663927855711423,1.734117618971213,-0.007921727806983747,-0.00792164578154878,-8.202543496683978e-08
4.675751503006012,1.7362029780374397,-0.00795656296100311,-0.007956484614201518,-7.834680159322926e-08
4.687575150300601,1.7382839974294408,-0.007991297058847713,-0.007991222422375297,-7.463647241565119e-08
4.69939879759519,1.7403606951716128,-0.008025930455323849,-0.008025859560769672,-7.08945541768452e-08
4.71122244488978,1.742433089176291,-0.008060463503659632,-0.008060396382505703,-6.712115392833173e-08
4.723046092184369,1.7445011972446762,-0.008094896555512654,-0.008094833239133925,-6.33163787285701e-08
4.734869739478958,1.7465650370677535,-0.008129229960977313,-0.008129170480642205,-5.9480335108663684e-08
4.746693386773547,1.7486246262271985,-0.00816346406859314,-0.0081634084554636,-5.561312954073527e-08
4.758517034068136,1.7506799821962775,-0.008197599225352903,-0.00819754751048419,-5.171486871201336e-08
4.770340681362725,1.7527311223407362,-0.008231635776709822,-0.008231587991050856,-4.77856589662512e-08
4.782164328657315,1.75477806391968,-0.008265574066585124,-0.008265530240979027,-4.382560609729469e-08
4.793987975951904,1.7568208240864454,-0.008299414437376473,-0.008299374602560413,-3.983481606031902e-08
4.805811623246493,1.7588594198894631,-0.008333157229966082,-0.008333121416570673,-3.581339540897899e-08
4.817635270541082,1.7608938682731112,-0.008366802783726812,-0.008366771022277075,-3.176144973762729e-08
4.829458917835671,1.7629241860785598,-0.008400351436530507,-0.008400323757446109,-2.767908439775535e-08
4.8412825651302605,1.7649503900446084,-0.008433803524755978,-0.008433779958351043,-2.3566404935143614e-08
4.85310621242485,1.7669724968085134,-0.008467159383296119,-0.008467139959779527,-1.9423516591995926e-08
4.864929859719439,1.7689905229068075,-0.008500419345566335,-0.008500404095041035,-1.5250525299201345e-08
4.876753507014028,1.771004484776112,-0.00853358374350921,-0.00853357269597438,-1.1047534829652927e-08
4.888577154308617,1.7730143987539388,-0.008566652907606276,-0.008566646092955163,-6.81465111250501e-09
4.900400801603206,1.7750202810794873,-0.008599627166881452,-0.008599624614903148,-2.551978304024538e-09
4.912224448897796,1.7770221478944301,-0.008632506848910815,-0.008632508589289671,1.7403788566544565e-09
4.924048096192385,1.7790200152436926,-0.008665292279828596,-0.008665298342144936,6.0623163398998425e-09
4.935871743486974,1.7810138990762254,-0.008697983784336172,-0.00869799419806536,1.041372918800243e-08
4.947695390781563,1.783003815245768,-0.008730581685706396,-0.008730596480220813,1.4794514417368343e-08
4.959519038076152,1.7849897795116043,-0.008763086305794698,-0.008763105510361876,1.9204567177841247e-08
4.971342685370741,1.7869718075393124,-0.008795497965042753,-0.008795521608826998,2.3643784244700705e-08
4.983166332665331,1.788949914901506,-0.00882781698248758,-0.008827845094549727,2.8112062146895545e-08
4.99498997995992,1.790924117078568,-0.008860043675767648,-0.008860076285065766,3.2609298117672325e-08
5.006813627254509,1.7928944294593772,-0.008892178361132319,-0.008892215496520124,3.713538780474035e-08
5.018637274549098,1.794860867342029,-0.00892422135344495,-0.008924263043674153,4.1690229202889784e-08
5.030460921843687,1.7968234459345478,-0.00895617296619311,-0.008956219239912582,4.62737194725088e-08
5.0422845691382765,1.798782180355592,-0.008988033511494575,-0.008988084397250498,5.0885755923171794e-08
5.054108216432866,1.8007370856351532,-0.009019803300104434,-0.00901985882634033,5.552623589567818e-08
5.065931863727455,1.802688176715249,-0.009051482641420638,-0.009051542836478728,6.019505808911585e-08
5.077755511022044,1.8046354684506065,-0.009083071843493662,-0.009083136735613504,6.48921198425495e-08
5.089579158316633,1.8065789756093424,-0.009114571213031164,-0.00911464083035044,6.961731927566939e-08
5.101402805611222,1.808518712873635,-0.009145981055404429,-0.009146055425960153,7.437055572420692e-08
5.113226452905812,1.8104546948403886,-0.00917730167465769,-0.009177380826384843,7.915172715346197e-08
5.125050100200401,1.812386936021893,-0.009208533373512351,-0.009208617334245073,8.396073272222415e-08
5.13687374749499,1.8143154508464772,-0.009239676453375312,-0.009239765250846462,8.879747115039804e-08
5.148697394789579,1.8162402536591544,-0.00927073121434474,-0.009270824876186407,9.36618416661622e-08
5.160521042084168,1.8181613587222631,-0.009301697955216293,-0.009301796508960684,9.855374439107778e-08
5.1723446893787575,1.8200787802161016,-0.009332576973491213,-0.009332680446570124,1.0347307891067636e-07
5.184168336673347,1.821992532239554,-0.009363368565382446,-0.00936347698512715,1.0841974470467142e-07
5.195991983967936,1.823902628810715,-0.009394073025820182,-0.009394186419462337,1.1339364215483261e-07
5.207815631262525,1.8258090838675038,-0.009424690648459189,-0.009424809043130943,1.1839467175395191e-07
5.219639278557114,1.8277119112682756,-0.009455221725685359,-0.009455345148419376,1.234227340173727e-07
5.231462925851703,1.8296111247924254,-0.00948566654862204,-0.00948579502635168,1.2847772963911486e-07
5.2432865731462925,1.8315067381409869,-0.00951602540713603,-0.009516158966695875,1.3355955984402368e-07
5.255110220440882,1.8333987649372256,-0.009546298589844904,-0.009546437257970443,1.3866812553949004e-07
5.266933867735471,1.8352872187272264,-0.009576486384121674,-0.009576630187450577,1.438033289027224e-07
5.27875751503006,1.837172112980475,-0.009606589076103678,-0.009606738041174576,1.4896507089835753e-07
5.290581162324649,1.8390534610904348,-0.009636606950696236,-0.009636761103950096,1.54153253859729e-07
5.302404809619238,1.840931276375118,-0.009666540291580539,-0.009666699659360392,1.5936777985302297e-07
5.314228456913828,1.8428055720776506,-0.009696389381219195,-0.00969655398977057,1.6460855137463704e-07
5.326052104208417,1.8446763613668336,-0.009726154500862783,-0.009726324376333742,1.698754709591327e-07
5.337875751503006,1.8465436573376974,-0.009755835930555845,-0.009756011098997201,1.7516844135617715e-07
5.349699398797595,1.848407473012053,-0.009785433949142441,-0.009785614436508537,1.804873660960632e-07
5.361523046092184,1.850267821339035,-0.009814948834273585,-0.00981513466642172,1.8583214813489013e-07
5.3733466933867735,1.852124715195643,-0.009844380862411906,-0.009844572065103165,1.912026912596898e-07
5.385170340681363,1.8539781673872757,-0.009873730308838757,-0.009873926907737769,1.9659889901116334e-07
5.396993987975952,1.8558281906482612,-0.009902997447659212,-0.009903199468334888,2.0202067567594295e-07
5.408817635270541,1.8576747976423809,-0.009932182551808721,-0.009932390019734283,2.0746792556147753e-07
5.42064128256513,1.859518000963391,-0.009961285893059113,-0.009961498833612109,2.1294055299603265e-07
5.432464929859719,1.861357813135537,-0.009990307742023807,-0.009990526180486757,2.1843846294972158e-07
5.444288577154309,1.8631942466140647,-0.01001924836816448,-0.010019472329724739,2.2396156025908387e-07
5.456112224448898,1.8650273137857258,-0.010048108039796166,-0.010048337549546548,2.2950975038169008e-07
5.467935871743487,1.8668570269692788,-0.010076887024093928,-0.01007712210703242,2.3508293849235085e-07
5.479759519038076,1.8686833984159874,-0.010105585587097399,-0.010105826268128157,2.406810307581386e-07
5.491583166332665,1.8705064403101104,-0.010134203993717783,-0.010134450297650817,2.4630393303387565e-07
5.503406813627255,1.8723261647693914,-0.010162742507743294,-0.010162994459294493,2.519515511986703e-07
5.515230460921844,1.8741425838455406,-0.010191201391843596,-0.010191459015635911,2.5762379231471233e-07
5.527054108216433,1.8759557095247148,-0.010219580907577908,-0.010219844228140176,2.63320562268049e-07
5.538877755511022,1.8777655537279916,-0.010247881315397334,-0.01024815035716632,2.690417689864971e-07
5.550701402805611,1.879572128311839,-0.010276102874653414,-0.010276377661972915,2.747873195010214e-07
5.5625250501002,1.8813754450685827,-0.010304245843603455,-0.010304526400723659,2.805571202042084e-07
5.5743486973947896,1.8831755157268668,-0.010332310479412854,-0.010332596830492867,2.863510800126673e-07
5.586172344689379,1.8849723519521122,-0.010360297038164434,-0.010360589207270985,2.921691065506382e-07
5.597995991983968,1.8867659653469702,-0.010388205774862103,-0.010388503785970095,2.980111079922687e-07
5.609819639278557,1.8885563674517716,-0.010416036943436735,-0.010416340820429306,3.038769925706869e-07
5.621643286573146,1.8903435697449722,-0.01044379079675073,-0.010444100563420192,3.097666694627105e-07
5.633466933867736,1.892127583643595,-0.010471467586604666,-0.010471783266652173,3.1568004750688605e-07
5.645290581162325,1.893908420503667,-0.010499067563742304,-0.010499389180777868,3.2161703556431165e-07
5.657114228456914,1.8956860916206535,-0.010526590977855133,-0.010526918555398413,3.275775432801803e-07
5.668937875751503,1.8974606082298882,-0.010554038077588368,-0.01055437163906877,3.335614804020337e-07
5.680761523046092,1.899231981506998,-0.010581409110545725,-0.010581748679302967,3.3956875724119873e-07
5.692585170340681,1.9010002225683267,-0.01060870432329597,-0.01060904992257938,3.4559928340990864e-07
5.704408817635271,1.902765342471353,-0.010635923961376359,-0.010636275614345894,3.5165296953520997e-07
5.71623246492986,1.9045273522151052,-0.010663068269298304,-0.01066342599902512,3.57729726816608e-07
5.728056112224449,1.9062862627405726,-0.010690137490553808,-0.01069050132001952,3.6382946571114627e-07
5.739879759519038,1.9080420849311133,-0.010717131867618801,-0.010717501819716563,3.699520977618054e-07
5.751703406813627,1.9097948296128584,-0.010744051641959795,-0.010744427739493781,3.760975339859446e-07
5.763527054108216,1.9115445075551116,-0.010770897054036999,-0.010771279319723883,3.822656868841118e-07
5.775350701402806,1.9132911294707473,-0.010797668343311861,-0.010798056799779757,3.8845646789520405e-07
5.787174348697395,1.9150347060166035,-0.010824365748250298,-0.010824760418039502,3.946697892040496e-07
5.798997995991984,1.9167752477938722,-0.01085098950632779,-0.010851390411891414,4.0090556362344654e-07
5.810821643286573,1.9185127653484864,-0.010877539854034945,-0.01087794701773893,4.071637039852749e-07
5.822645290581162,1.9202472691715027,-0.010904017026882706,-0.010904430471005588,4.134441228820229e-07
5.834468937875752,1.9219787696994821,-0.010930421259406131,-0.0109308410061399,4.197467337683364e-07
5.846292585170341,1.923707277314866,-0.010956752785170165,-0.010957178856620231,4.260714500659013e-07
5.85811623246493,1.9254328023463514,-0.01098301183677386,-0.010983444254959672,4.3241818581223057e-07
5.869939879759519,1.927155355069259,-0.011009198645855811,-0.01100963743271086,4.387868550483065e-07
5.881763527054108,1.9288749457059022,-0.01103531344309916,-0.011035758620470744,4.451773715843932e-07
5.893587174348697,1.9305915844259496,-0.011061356458235028,-0.011061808047885398,4.5158965037046805e-07
5.905410821643287,1.9323052813467871,-0.011087327920048407,-0.011087785943654728,4.5802360632181405e-07
5.917234468937876,1.9340160465338752,-0.011113228056382929,-0.01111369253553721,4.6447915428085573e-07
5.929058116232465,1.935723890001103,-0.011139057094145532,-0.01113952805035457,4.7095620903797597e-07
5.940881763527054,1.937428821711141,-0.011164815259309568,-0.011165292713996487,4.774546869187879e-07
5.952705410821643,1.93913085157579,-0.011190502776921796,-0.011190986751425176,4.839745033798082e-07
5.9645290581162325,1.940829989456325,-0.011216119871105601,-0.011216610386680032,4.905155744309303e-07
5.976352705410822,1.9425262451638399,-0.011241666765065439,-0.011242163842882222,4.97077816782876e-07
5.988176352705411,1.944219628459587,-0.01126714368109294,-0.01126764734223927,5.03661146331047e-07
6.0,1.9459101490553132,-0.011292550840569238,-0.011293061106049536,5.102654802979084e-07
