a,z,delta,theta,growth_rate
0.010000000000000004,98.99999999999996,0.012693362964334683,0.012693362964334683,1.0
0.010046157902783952,98.54054173515269,0.012751952864822547,0.012751952481261548,0.9999999699213914
0.010092528860766841,98.08319448927678,0.012810813202222743,0.012810812430610028,0.999999939768639
0.010139113857366787,97.62794856312112,0.012869945224794377,0.012869944060537824,0.9999999095367904
0.010185913880541159,97.17479430199855,0.012929350186557786,0.012929348624962056,0.9999998792208652
0.010232929922807527,96.72372209558121,0.012989029347321126,0.01298902738358525,0.9999998488158104
0.010280162981264716,96.27472237769669,0.01304898397270707,0.013048981601923077,0.9999998183165832
0.010327614057613952,95.82778562612512,0.013109215334179636,0.013109212551330877,0.999999787718129
0.0103752841581801,95.3829023623973,0.013169724709071155,0.013169721509030074,0.9999997570153399
0.01042317429393301,94.94006315159359,0.013230513380609337,0.013230509758135656,0.9999997262030901
0.010471285480508961,94.49925860214391,0.013291582637944473,0.013291578587682948,0.9999996952762034
0.01051961873823219,94.0604793656285,0.013352933776176773,0.01335292929265554,0.9999996642295013
0.010568175092136542,93.62371613657969,0.013414568096383809,0.013414563174012177,0.9999996330577625
0.0106169555719872,93.18895965228455,0.013476486905648104,0.013476481538714434,0.9999996017557314
0.010665961212302528,92.75620069258846,0.013538691517084839,0.013538685699754353,0.9999995703181155
0.01071519305237601,92.32543007969959,0.013601183249869682,0.013601176976182756,0.9999995387396221
0.01076465213629829,91.89663867799415,0.013663963429266757,0.013663956693136057,0.9999995070148764
0.010814339512979316,91.46981739382281,0.013727033386656737,0.013727026181865174,0.9999994751384833
0.010864256236170586,91.04495717531772,0.013790394459565066,0.01379038677976393,0.9999994431050426
0.010914403364487492,90.62204901220059,0.01385404799169031,0.013854039830396316,0.9999994109090716
0.010964781961431773,90.20108393559163,0.013917995332932637,0.013917986683525911,0.9999993785450765
0.011015393095414067,89.78205301781925,0.01398223783942244,0.013982228695144039,0.99999934600752
0.011066237839776578,89.36494737223084,0.014046776873549075,0.01404676722749825,0.9999993132908059
0.011117317272815822,88.94975815300425,0.01411161380398974,0.014111603649122006,0.9999992803893393
0.011168632477805515,88.53647655496015,0.014176750005738495,0.014176739334862092,0.9999992472974131
0.011220184543019535,88.12509381337534,0.014242186860135392,0.014242175665909821,0.9999992140093596
0.011271974561754999,87.71560120379692,0.014307925754895773,0.014307914029828167,0.9999991805193983
0.01132400363235546,87.30799004185714,0.014373968084139668,0.014373955820582728,0.9999991468217496
0.011376272858234194,86.90225168308932,0.014440315248421359,0.014440302438570122,0.9999991129105552
0.011428783347897598,86.49837752274452,0.014506968654759051,0.014506955290648462,0.9999990787799362
0.011481536214968703,86.09635899560901,0.014573929716664711,0.014573915790166302,0.9999990444239351
0.011534532578210794,85.69618757582263,0.014641199854174017,0.014641185356993347,0.9999990098365699
0.011587773561551128,85.29785477669802,0.014708780493876462,0.014708765417550158,0.9999989750118095
0.011641260294104774,84.9013521505406,0.014776673068945588,0.014776657404837695,0.99999893994353
0.011694993910198567,84.50667128846938,0.014844879019169364,0.014844862758469107,0.9999989046256129
0.011748975549395147,84.11380382023872,0.014913399790980707,0.014913382924698846,0.9999988690518529
0.011803206356517142,83.72274141406075,0.014982236837488127,0.01498221935645392,0.9999988332160012
0.011857687481671441,83.33347577642867,0.015051391618506535,0.01505137351336426,0.99999879711174
0.011912420080273585,82.9459986519409,0.015120865600588184,0.015120846861794103,0.9999987607327137
0.011967405313072266,82.56030182312598,0.015190660257053745,0.01519064087487237,0.9999987240724862
0.012022644346173955,82.1763771102683,0.015260777068023536,0.015260757032524039,0.9999986871245542
0.012078138351067622,81.79421637123465,0.01533121752044889,0.015331196821502188,0.9999986498823935
0.012133888504649587,81.41381150130148,0.015401983108143676,0.015401961735418381,0.9999986123393887
0.012189895989248474,81.0351544329831,0.015473075331815942,0.015473053274774726,0.9999985744888625
0.01224616199265029,80.65823713586055,0.015544495699099744,0.015544472946995744,0.9999985363240829
0.012302687708123613,80.28305161641126,0.015616245724587075,0.015616222266460256,0.999998497838262
0.012359474334444898,79.90958991783958,0.01568832692985998,0.015688302754532854,0.9999984590245197
0.012416523075923898,79.53784411990804,0.015760740843522792,0.015760715939596773,0.9999984198759267
0.012473835142429212,79.16780633876931,0.015833489001234526,0.015833463357085485,0.9999983803854577
0.012531411749413935,78.79946872679909,0.015906572945741434,0.01590654654951598,0.9999983405460406
0.012589254117941442,78.4328234724296,0.015979994226909697,0.015979967066521144,0.9999983003505404
0.012647363474711277,78.06786279998398,0.01605375440175825,0.016053726464881884,0.999998259791718
0.012705741052085174,77.70457896951136,0.016127855034491816,0.01612782630856099,0.9999982188622875
0.01276438808811319,77.3429642766227,0.01620229769653401,0.01620226816873573,0.9999981775548856
0.012823305826559961,76.98301105232741,0.01627708396656067,0.016277053623830858,0.9999981358620578
0.01288249551693108,76.62471166287074,0.016352215430533307,0.01635218425955223,0.9999980937762709
0.012941958414499594,76.26805850957182,0.016427693681732698,0.016427661668920228,0.9999980512899077
0.01300169578033263,75.91304402866257,0.016503520320792664,0.01650348745230418,0.9999980083953094
0.013061708881318137,75.55966069112726,0.016579696955733976,0.01657966321745482,0.9999979650846909
0.013121998990191747,75.20790100254285,0.016656225201998442,0.016656190579538776,0.9999979213501711
0.013182567385563781,74.85775750292004,0.016733106682483127,0.016733071161173934,0.9999978771838448
0.01324341535194635,74.50922276654508,0.016810343027574743,0.01681030659246181,0.9999978325776652
0.013304544179780609,74.16228940182225,0.0168879358751842,0.016887898511023177,0.999997787523514
0.013365955165464113,73.81695005111716,0.01696588687078131,0.01696584856203262,0.9999977420131949
0.013427649611378323,73.47319739060066,0.017044197667429657,0.017044158398252643,0.999997696038395
0.013489628825916214,73.13102413009352,0.017122869925821613,0.017122829680069316,0.9999976495907245
0.013551894123510032,72.79042301291189,0.01720190531431353,0.017201864075527307,0.9999976026617128
0.013614446824659164,72.4513868157133,0.017281305508961092,0.017281263260364464,0.9999975552427676
0.013677288255958148,72.11390834834357,0.017361072193554827,0.017361028918047708,0.9999975073252022
0.013740419750124803,71.77798045368425,0.01744120705965578,0.017441162739808794,0.9999974589002449
0.013803842646028493,71.44359600750087,0.01752171180663135,0.017521666424679592,0.999997409959012
0.013867558288718522,71.11074791829185,0.017602588141691296,0.017602541679528433,0.9999973604925316
0.013931568029452663,70.77942912713807,0.01768383777992391,0.017683790219095386,0.9999973104916977
0.013995873225725805,70.44963260755326,0.017765462444332355,0.01776541376602949,0.9999972599473266
0.014060475241298756,70.12135136533483,0.017847463865871157,0.017847414050924305,0.9999972088501075
0.014125375446227153,69.79457843841574,0.017929843783482887,0.017929792812355273,0.9999971571906465
0.014190575216890525,69.46930689671666,0.018012603944135005,0.0180125517969155,0.9999971049594125
0.014256075936021477,69.14552984199912,0.018095746102856854,0.018095692759253157,0.9999970521467645
0.014321878992735022,68.82324040771914,0.018179272022776857,0.018179217462108724,0.9999969987429604
0.014387985782558035,68.5024317588817,0.018263183475159855,0.01826312767635164,0.9999969447381234
0.01445439770745885,68.18309709189569,0.01834748223944464,0.018347425181018583,0.9999968901222897
0.014521116175876989,67.86522963442967,0.018432170103281634,0.018432111763349628,0.9999968348853293
0.014588142602753044,67.54882264526823,0.018517248862570793,0.018517189218827383,0.9999967790170207
0.014655478409558668,67.23386941416905,0.018602720321499594,0.018602659351214485,0.9999967225070283
0.014723125024326732,66.92036326172057,0.01868858629258131,0.01868852397259082,0.9999966653448519
0.01479108388168161,66.6082975392003,0.018774848596693372,0.018774784903393252,0.9999966075199066
0.014859356422869598,66.29766562843392,0.018861509063115935,0.018861443972452437,0.9999965490214341
0.014927944095789483,65.9884609416548,0.01894856952957065,0.018948503017033103,0.9999964898385895
0.014996848355023247,65.68067692136438,0.019036031842259566,0.019035963882871317,0.9999964299603609
0.015066070661866925,65.37430704019306,0.019123897855904248,0.01912382842421418,0.9999963693756058
0.015135612484361578,65.0693448007618,0.019212169433785054,0.01921209850385897,0.9999963080730508
0.015205475297324446,64.76578373554426,0.019300848447780607,0.019300775993192177,0.999996246041275
0.015275660582380206,64.46361740672972,0.01938993677840743,0.019389862772229326,0.9999961832687261
0.015346169827992416,64.1628394060865,0.019479436314859783,0.01947936072965436,0.999996119743703
0.015417004529495059,63.86344335482609,0.019569348955049685,0.01956927176285931,0.9999960554543458
0.01548816618912427,63.56542290346782,0.01965967660564709,0.01965959777798508,0.9999959903886727
0.015559656316050193,63.26877173170425,0.019750421182120264,0.019750340689960635,0.9999959245345258
0.01563147642640898,62.97348354826711,0.019841584608776375,0.01984150242254388,0.9999958578795939
0.015703628043334954,62.67955209079389,0.019933168818802232,0.01993308490836246,0.9999957904114225
0.01577611269699291,62.38697112569501,0.020025175754305208,0.020025090088954242,0.9999957221173977
0.015848931924610548,62.09573444802166,0.020117607366354404,0.02011751991480813,0.999995652984737
0.015922087270511108,61.80583588133413,0.02021046561502193,0.020210376345405234,0.9999955830004912
0.015995580286146085,61.51726927757094,0.020303752469424424,0.020303661349260645,0.9999955121515633
0.016069412530128162,61.23002851691832,0.020397469907764768,0.020397376903964058,0.9999954404246639
0.01614358556826424,60.944107507680535,0.020491619917373936,0.02049152499622241,0.9999953678063566
0.01621810097358867,60.65950018615061,0.02058620449475311,0.020586107621901304,0.9999952942830316
0.016292960326396586,60.37620051648182,0.02068122564561594,0.020681126786066623,0.9999952198408831
0.016368165214277437,60.094202490559624,0.020776685384931014,0.020776584503027756,0.9999951444659536
0.016443717232148658,59.81350012787422,0.020872585736964516,0.02087248279637908,0.9999950681440846
0.016519617982289483,59.534087475393804,0.020968928735323092,0.020968823699042644,0.9999949908609175
0.01659586907437493,59.25595860743823,0.0210657164229969,0.021065609253312547,0.9999949126019643
0.016672472125509943,58.979107625553404,0.02116295085240287,0.0211628415108955,0.999994833352488
0.01674942876026368,58.70352865838616,0.02126063408542815,0.02126052253295631,0.9999947530976079
0.01682674061070397,58.429215861559754,0.021358768193473765,0.021358654390159267,0.9999946718222013
0.016904409316431928,58.15616341754989,0.021457355257498454,0.02145723916271388,0.9999945895110007
0.01698243652461672,57.8843655355614,0.02155639736806274,0.021556278940416337,0.999994506148482
0.017060823890030503,57.61381645140539,0.021655896625373174,0.021655775822695983,0.9999944217189766
0.01713957307508351,57.344510427377,0.021755855139326794,0.021755731918657432,0.9999943362065719
0.017218685749859318,57.076441752133746,0.021856275029555797,0.021856149347125896,0.9999942495951515
0.01729816359215025,56.809604740574365,0.021957158425472387,0.021957030236691634,0.9999941618683862
0.01737800828749298,56.54399373371825,0.022058507466313878,0.022058376725754864,0.999994073009735
0.017458221529204256,56.27960309858549,0.022160324301187938,0.022160190962570915,0.9999939830024502
0.017538805018416818,56.01642722807733,0.0222626110891181,0.0222624751052948,0.9999938918295453
0.017619760464115487,55.7544605408573,0.022365369999089457,0.022365231322027213,0.9999937994738183
0.017701089583173398,55.49369748123285,0.02246860321009455,0.022468461790859807,0.9999937059178348
0.017782794100388404,55.234132519037516,0.022572312911179507,0.022572168699921104,0.9999936111439279
0.017864875748519672,54.97576014951363,0.02267650130149036,0.022676354247422863,0.9999935151342114
0.01794733626832442,54.71857489319561,0.022781170590319567,0.02278102064170537,0.9999934178705346
0.018030177408594833,54.46257129579371,0.02288632299715281,0.02288617010128472,0.9999933193345166
0.018113400926195157,54.20774392807838,0.022991960751715907,0.02299180485489992,0.999993219507563
0.018197008586098958,53.9540873857651,0.023098086094022047,0.023097927141557607,0.9999931183707692
0.01828100216142654,53.701596289399816,0.023204701274419155,0.023204539210581875,0.9999930159050373
0.018365383433482572,53.450265284244765,0.02331180855363751,0.02331164332165947,0.9999929120909834
0.01845015419179384,53.20008904016502,0.0234194102028376,0.023419241744887905,0.99999280690896
0.01853531623414722,52.95106225151537,0.023527508503658152,0.02352733676082356,0.9999927003390705
0.018620871366627774,52.70317963702787,0.02363610574826443,0.02363593066052894,0.9999925923611379
0.018706821403657103,52.456435939699745,0.023745204239396703,0.023745025745621602,0.9999924829547348
0.01879316816803178,52.21082592668199,0.023854806290418973,0.023854624328321288,0.9999923720991288
0.018879913490962026,51.966344389168334,0.023964914225367926,0.023964728731499935,0.99999225977334
0.018967059212110553,51.7229861422848,0.024075530379002084,0.024075341288729388,0.9999921459560923
0.019054607179631557,51.48074602497978,0.024186657096851194,0.02418646434433041,0.999992030625811
0.01914255925020994,51.23961889991448,0.024298296735265852,0.024298100253423348,0.9999919137606785
0.019230917289100664,50.99959965335409,0.024410451661467332,0.024410251381974706,0.999991795338513
0.019319683170168318,50.76068319505924,0.024523124253597664,0.0245229201068496,0.9999916753368798
0.019408858775926855,50.522864458178105,0.024636316900769936,0.024636108815859963,0.999991553733019
0.019498445997579526,50.28613839913893,0.024750032003118823,0.024749819907816172,0.999991430503903
0.019588446735058967,50.05049999754305,0.02486427197185134,0.024864055792575276,0.9999913056261487
0.019678862897067512,49.81594425605847,0.024979039229297846,0.024978818891092366,0.9999911790760463
0.01976969640111767,49.5824662003138,0.02509433620896326,0.02509411163547298,0.9999910508296209
0.019860949173572773,49.35006087879287,0.02521016535557854,0.02520993646902198,0.9999909208625437
0.01995262314968785,49.118723362729604,0.025326529125152347,0.025326295846294866,0.9999907891501307
0.020044720273650667,48.888448746003576,0.025443429985023004,0.025443192233150953,0.9999906556674084
0.020137242498622934,48.65923214503594,0.025560870413910666,0.025560628106802822,0.9999905203890196
0.020230191786781763,48.43106869868587,0.025678852901969706,0.025678605955870234,0.9999903832892998
0.020323570109361262,48.203953568147405,0.025797379950841384,0.025797128280430893,0.9999902443422173
0.020417379446694334,47.97788193684692,0.025916454073706727,0.02591619759207389,0.9999901035214112
0.020511621788254695,47.75284901034091,0.026036077795339667,0.02603581641395001,0.9999899608000977
0.020606299132699037,47.52885001621438,0.026156253652160392,0.02615598728082815,0.9999898161512049
0.020701413487909454,47.30588020397952,0.026276984192288994,0.026276712739144843,0.9999896695472295
0.020796966871035986,47.0839348449751,0.026398271975599297,0.02639799534706026,0.9999895209603381
0.02089296130853942,46.863009232266066,0.02652011957377299,0.026519837674510337,0.9999893703623067
0.020989398836234265,46.64309868054379,0.02664252957035397,0.02664224230326015,0.9999892177245009
0.021086281499331914,46.42419852602667,0.026765504560802945,0.026765211826959186,0.9999890630179195
0.021183611352484037,46.20630412636124,0.02688904715255229,0.02688874885119537,0.9999889062131795
0.021281390459826136,45.98941086052371,0.027013159965061147,0.02701285599354842,0.9999887472804692
0.021379620895021333,45.77351412872198,0.027137845629870778,0.027137535883645297,0.9999885861895706
0.021478304741304348,45.55860935229804,0.027263106790660165,0.027262791163215252,0.9999884229098563
0.02157744409152567,45.34469197363094,0.027388946103301882,0.027388624486144774,0.9999882574102744
0.021677041048195952,45.131757456040056,0.027515366235918194,0.027515038518533572,0.999988089659363
0.02177709772353059,44.91980128368897,0.027642369868937446,0.027642035938749726,0.9999879196252237
0.02187761623949452,44.708818961489605,0.027769959695150673,0.027769619437485987,0.9999877472755301
0.021978598727847243,44.49880601500694,0.027898138419768494,0.027897791717815052,0.9999875725774879
0.02208004733018799,44.289757990364144,0.028026908760478253,0.028026555495247095,0.9999873954978704
0.022181964198001176,44.081670454148075,0.02815627344750144,0.028155913497786105,0.9999872160029981
0.022284351492702022,43.87453899331526,0.028286235223651326,0.028285868465986325,0.9999870340587179
0.022387211385682376,43.66835921509835,0.02841679684439092,0.02841642315301022,0.999986849630423
0.02249054605835679,43.46312674691289,0.028547961077891145,0.02854758032468483,0.99998666268301
0.022594357702208752,43.25883723626466,0.028679730705089314,0.028679342759560668,0.9999864731809153
0.02269864851883719,43.055486350657326,0.028812108519747835,0.028811713248968633,0.9999862810880734
0.02280342072000315,42.85306977750055,0.028945097328513206,0.028944694597078765,0.9999860863679306
0.022908676527676697,42.651583224018566,0.02907869995097529,0.02907828962095824,0.9999858889834228
0.023014418174084048,42.45102241715911,0.02921291921972683,0.029212501150630246,0.999985688896976
0.023120647901754905,42.25138310350282,0.02934775798042326,0.029347332029133092,0.999985486070505
0.023227367963570025,42.052661049173004,0.02948321909184275,0.02948278511257909,0.9999852804653959
0.02333458062280898,41.85485203974588,0.029619305425946596,0.029618863270214395,0.9999850720425127
0.02344228815319817,41.65795188016118,0.029756019867939798,0.029755569384477907,0.9999848607621621
0.02355049283895904,41.46195639463319,0.029893365316331987,0.02989290635106314,0.9999846465841504
0.023659196974856526,41.26686142656219,0.030031344682998576,0.030030877078975,0.9999844294676609
0.023768402866247706,41.072662838446284,0.030169960893242215,0.030169484490593736,0.9999842093713622
0.023878112829130712,40.8793565117937,0.030309216885854525,0.030308731521734345,0.9999839862533563
0.02398832919019384,40.686938347035394,0.030449115613178108,0.03044862112170679,0.999983760071143
0.024099054286864877,40.49540426343814,0.030589660041168823,0.030589156253378182,0.9999835307816445
0.024210290467360708,40.30475019901797,0.030730853149458386,0.03073033989323351,0.9999832983411694
0.024322040090737077,40.11497211045404,0.030872697931417194,0.03087217503143975,0.9999830627054814
0.02443430552693864,39.9260659730029,0.0310151973942175,0.0310146646719047,0.9999828238296848
0.02454708915684922,39.73802778041307,0.031158354558896824,0.031157811832341124,0.9999825816682754
0.024660393372342305,39.55085354484017,0.03130217246042167,0.03130161954432863,0.9999823361751092
0.024774220576331763,39.364539296762274,0.03144665414775153,0.03144609085337773,0.999982087303433
0.024888573182822817,39.179081084895756,0.03159180268390321,0.03159122881899174,0.9999818350058334
0.02500345361696322,38.9944749761115,0.03173762114601536,0.031737036514730976,0.9999815792342566
0.0251188643150947,38.81071705535147,0.0318841126254134,0.03188351702827525,0.9999813199399604
0.025234807724804645,38.62780342554568,0.03203128022767469,0.03203067346148878,0.9999810570735358
0.02535128630497797,38.445730207529564,0.03217912707269395,0.03217850893048429,0.9999807905848949
0.0254683025258493,38.2644935399617,0.03232765629474911,0.03232702656568791,0.9999805204232729
0.025585858869055345,38.084089579241905,0.03247687104256728,0.03247622951190236,0.9999802465371718
0.025703957827687522,37.90451449942975,0.03262677447939119,0.03262612092837415,0.9999799688744146
0.025822601906344844,37.7257644921634,0.03277736978304579,0.03277670398885679,0.9999796873820748
0.02594179362118702,37.54783576657885,0.032928660146005255,0.032927981881678225,0.9999794020065189
0.02606153549998783,37.370724549229536,0.03308064877546022,0.03307995780980535,0.9999791126933585
0.026181830082188724,37.19442708400631,0.03323333889338539,0.03323263499091072,0.9999788193874553
0.026302679918952687,37.01893963205776,0.03338673373660734,0.03338601665743837,0.9999785220328942
0.02642408757321833,36.84425847171096,0.0335408365568728,0.03354010605667166,0.999978220573005
0.026546055619754254,36.670379898392504,0.03369565062091705,0.03369490645079926,0.9999779149503253
0.026668586645213654,36.49730022454996,0.03385117921053276,0.033850421116983845,0.9999776051066286
0.02679168324818917,36.325015779573654,0.03400742562263911,0.034006653347426356,0.9999772909828188
0.026915348039268008,36.15352290971884,0.03416439316935117,0.03416360644943769,0.9999769725190322
0.027039583641087283,35.9828179780282,0.034322085178049674,0.034321283745504874,0.9999766496545696
0.027164392688389667,35.81289736425472,0.03448050499145105,0.034479688573359576,0.9999763223278871
0.02728977782807925,35.64375746478488,0.03463965596767776,0.03463882428604633,0.9999759904765738
0.027415741719277662,35.475394692562325,0.03479954148032904,0.03479869425199277,0.9999756540373745
0.0275422870333805,35.30780547701167,0.03496016491855181,0.03495930185507757,0.9999753129461416
0.027669416454113947,35.14098626396286,0.03512152968711209,0.03512065049470083,0.9999749671378472
0.027797132677591714,34.97493351557575,0.035283639206466544,0.035282743585853864,0.9999746165465688
0.027925438412372203,34.809643710265114,0.03544649691283452,0.03544558455918892,0.9999742611054672
0.028054336379515956,34.64511334262592,0.03561010625827028,0.03560917686108982,0.9999739007467788
0.028183829312643353,34.48133892335904,0.03577447071073564,0.035773523953742045,0.9999735354017883
0.028313919957992602,34.31831697919718,0.03593959375417288,0.035938629315204404,0.9999731650008323
0.028444611074477964,34.15604405283129,0.036105478888578034,0.036104496439480244,0.9999727894732868
0.028575905433748272,33.994516702837196,0.03627212963007445,0.0362711288365897,0.9999724087475713
0.02870780582024571,33.83373150360263,0.03643954951098674,0.03643853003263905,0.9999720227510666
0.028840315031264857,33.67368504525461,0.03660774207991502,0.03660670356989551,0.9999716314101744
0.028973435877012024,33.51437393358706,0.03677671090180949,0.03677565300685884,0.9999712346502797
0.029107171180664845,33.355794789988884,0.036946459558045375,0.036945381918333485,0.9999708323957213
0.029241523778432144,33.1979442513723,0.03711699164649815,0.037115893895502766,0.9999704245698079
0.029376496519614093,33.0408189701015,0.03728831078161917,0.0372871925460008,0.9999700110947658
0.029512092266662637,32.884415613921654,0.03746042059451157,0.03745928149398634,0.9999695918917313
0.029648313895242202,32.72873086588828,0.03763332473300657,0.03763216438021838,0.9999691668807786
0.02978516429429067,32.57376142429685,0.03780702686174001,0.03780584486212845,0.9999687359808566
0.02992264636608066,32.419504002612804,0.037981530662229424,0.03798032661389619,0.9999682991097979
0.030060763026281075,32.26595532940182,0.03815683983295124,0.03815561332652327,0.9999678561842821
0.030199517204018925,32.11311214826046,0.03833295808941846,0.03833170870790996,0.9999674071198579
0.030338911841941464,31.960971217747122,0.038509889164258654,0.03850861648292785,0.9999669518308564
0.030478949896278588,31.80952931131324,0.03868763680729229,0.038686340393499545,0.9999664902304783
0.030619634336905524,31.658783217234912,0.03886620478561143,0.03886488419867037,0.9999660222306668
0.03076096814740583,31.50872973854476,0.039045596883658745,0.03904425167468845,0.9999655477421872
0.030902954325134648,31.35936569296414,0.03922581690330694,0.0392244466150788,0.9999650666745444
0.031045595881282296,31.210687912835652,0.039406868663938464,0.039405472830720885,0.9999645789359849
0.031188895840938105,31.062693245055954,0.039588756002525635,0.039587334149925886,0.9999640844334776
0.03133285724315459,30.915378551008903,0.03977148277371108,0.039770034418515225,0.9999635830727234
0.03147748314101189,30.768740706498985,0.039955052849888546,0.03995357749989647,0.9999630747580883
0.03162277660168252,30.622776601685064,0.0401394701212841,0.04013796727514445,0.99996255939266
0.03176874070649643,30.477483141014424,0.0403247384960376,0.04032320764307545,0.9999620368781238
0.03191537855100633,30.332857243157115,0.040510861900284675,0.04050930252032852,0.999961507114808
0.03206269324505337,30.18889584094062,0.0406978442782389,0.040696255841445414,0.9999609700016878
0.032210687912833054,30.0455958812848,0.04088568959227447,0.04088407155894822,0.999960425436323
0.032359365692961536,29.902954325137138,0.04107440182300916,0.041072753643419106,0.9999598733148409
0.032508729738542144,29.760968147408306,0.0412639849693877,0.04126230608358128,0.9999593135319416
0.032658783217232285,29.61963433690799,0.0414544430487655,0.0414527328863783,0.9999587459808545
0.0328095293113106,29.47894989628104,0.04164578009699272,0.041644038077054885,0.9999581705533243
0.03296097121774447,29.33891184194391,0.041838000168498764,0.04183622569923823,0.9999575871396006
0.033113112148257795,29.19951720402136,0.042031107336377105,0.042029299815018774,0.9999569956284077
0.03326595532939914,29.060763026283492,0.0422251056924705,0.04222326450503159,0.9999563959069203
0.03341950400261011,28.92264636608307,0.04241999934745659,0.04241812386853845,0.9999557878607499
0.03357376142429414,28.78516429429307,0.04261579243093385,0.04261388202350989,0.9999551713739206
0.03372873086588556,28.648313895244588,0.04281248909150798,0.042810543106708364,0.9999545463288655
0.033884415613918924,28.512092266665018,0.043010093496878544,0.04300811127376787,0.9999539126063324
0.03404081897009875,28.376496519616463,0.04320860983392618,0.043206590699281074,0.999953270085456
0.03419794425136955,28.241523778434495,0.043408042308800014,0.043405985576880766,0.9999526186436924
0.03435579478998612,28.10717118066719,0.043608395147005576,0.04360630011932297,0.9999519581567828
0.03451437393358428,27.97343587701436,0.043809672593493054,0.04380753855857134,0.9999512884987406
0.03467368504525181,27.840315031267185,0.04401187891274593,0.0440097051458815,0.9999506095418298
0.03483373150359983,27.707805820248023,0.04421501838887003,0.04421280415188655,0.9999499211565627
0.03499451670283437,27.575905433750577,0.04441909532568295,0.04441683986667936,0.9999492232116153
0.035156044052828454,27.444611074480257,0.04462411404680386,0.044621816599900825,0.9999485155738751
0.03531831697919433,27.313919957994884,0.044830078895743745,0.044827738680823515,0.9999477981083711
0.03548133892335618,27.183829312645624,0.045036994235996,0.04503461045843667,0.9999470706782333
0.035645113342623054,27.05433637951821,0.045244864451127395,0.045242436301535655,0.9999463331447404
0.035809643710262226,26.925438412374454,0.04545369394486954,0.04545122059880363,0.9999455853671891
0.03597493351557285,26.797132677593954,0.045663487141210636,0.04566096775890193,0.9999448272029485
0.036140986263959944,26.669416454116178,0.04587424848448768,0.04587168221055701,0.9999440585074318
0.03630780547700875,26.542287033382713,0.04608598243947908,0.04608336840264406,0.9999432791339871
0.036475394692559386,26.415741719279872,0.04629869349149763,0.04629603080427875,0.9999424889339616
0.036643757464781934,26.289777828081444,0.04651238614648394,0.04650967390490338,0.999941687756633
0.036812897364251744,26.16439268839186,0.046727064931100244,0.046724302214376,0.9999408754492002
0.03698281797802522,26.039583641089465,0.046942734392824606,0.04693992026305747,0.9999400518567242
0.037153522909715846,25.915348039270178,0.04715939910004557,0.04715653260190078,0.9999392168221078
0.03732501577957065,25.79168324819133,0.047377063642157144,0.047374143802539806,0.999938370186059
0.03749730022454694,25.6685866452158,0.04759573262965434,0.047592758457381076,0.9999375117871091
0.03767037989838947,25.54605561975639,0.04781541069422893,0.047812381179691416,0.9999366414615387
0.03784425847170791,25.424087573220458,0.04803610248886579,0.048033016603686265,0.9999357590433103
0.038018939632054695,25.302679918954805,0.04825781268793956,0.0482546693846248,0.9999348643641376
0.038194427084003224,25.181830082190835,0.048480545987311774,0.04847734419889675,0.9999339572533721
0.038370724549226444,25.06153549998993,0.04870430710442834,0.048701045744113776,0.9999330375379826
0.03854783576657574,24.94179362118911,0.04892910077841755,0.04892577873920281,0.9999321050425639
0.03872576449216028,24.82260190634692,0.04915493177018836,0.049151547924494776,0.9999311595892472
0.03890451449942661,24.703957827689596,0.04938180486252928,0.049378358061818686,0.9999302009977119
0.03908408957923876,24.585858869057404,0.049609724860207476,0.04960621393459137,0.9999292290851038
0.039264493539958534,24.468302525851353,0.04983869659006847,0.049835120347913237,0.9999282436660685
0.03944573020752638,24.351286304980015,0.050068724901136195,0.050065082128658026,0.9999272445526551
0.039627803425542486,24.234807724806675,0.05029981466471348,0.05029610412556624,0.9999262315542916
0.03981071705534826,24.118864315096722,0.05053197077448294,0.05052819120933992,0.9999252044777773
0.03999447497610828,24.00345361696523,0.050765198146608355,0.05076134827273428,0.9999241631272086
0.04017908108489252,23.88857318282482,0.05099950171983645,0.050995580230653474,0.9999231073039788
0.04036453929675902,23.77422057633376,0.05123488645559908,0.051230892020243377,0.9999220368067144
0.0405508535448369,23.66039337234429,0.05147135733811591,0.051467288600986746,0.9999209514312506
0.04073802778040979,23.547089156851197,0.05170891937449747,0.05170477495479625,0.9999198509705608
0.040926065972999595,23.43430552694061,0.05194757759484868,0.05194335608611256,0.9999187352147766
0.04111497211045073,23.322040090739034,0.0521873370523728,0.05218303702199689,0.9999176039510965
0.04130475019901464,23.210290467362658,0.05242820282347586,0.052423822812228515,0.9999164569637817
0.041495404263434794,23.09905428686682,0.052670180007871444,0.0526657185293977,0.9999152940340611
0.041686938347032035,22.98832919019577,0.052913273728686025,0.052908729269004535,0.9999141149401416
0.041879356511790325,22.878112829132636,0.05315748913256462,0.053152860149555545,0.9999129194571713
0.042072662838442895,22.76840286624962,0.05340283138977703,0.053398116312657506,0.9999117073571416
0.04226686142655878,22.659196974858432,0.053649305694324384,0.05364450292311613,0.9999104784088797
0.04246195639462977,22.55049283896094,0.05389691726404623,0.05389202516903409,0.9999092323780194
0.04265795188015774,22.44228815320006,0.05414567134072805,0.054140688261906815,0.9999079690269259
0.04285485203974242,22.33458062281086,0.05439557319020919,0.054390497436720794,0.9999066881146624
0.04305266104916953,22.227367963571897,0.05464662810249129,0.0546414579520523,0.999905389396958
0.04325138310349933,22.12064790175677,0.054898841391847114,0.05489357509016535,0.9999040726261565
0.043451022417155614,22.0144181740859,0.055152218396929915,0.05514685415710692,0.9999027375511101
0.04365158322401505,21.90867652767854,0.055406764480883115,0.05540130048281167,0.9999013839172413
0.04385306977749702,21.803420720004986,0.055662485031450604,0.05565691942119602,0.9999000114664044
0.044055486350653775,21.698648518839022,0.055919385461087365,0.05591371635025908,0.9998986199368691
0.044258837236261096,21.594357702210573,0.056177471207070645,0.05617169667218376,0.9998972090632987
0.04446312674690931,21.4905460583586,0.05643674773161152,0.05643086581343179,0.9998957785766165
0.044668359215094745,21.387211385684182,0.056697220521966955,0.056691229224849767,0.9998943282040631
0.04487453899331165,21.284351492703816,0.05695889509055232,0.05695279238176432,0.9998928576690559
0.04508167045414444,21.181964198002962,0.05722177697505436,0.057215560784084095,0.9998913666911642
0.045289757990360495,21.080047330189768,0.05748587173854464,0.05747953995640264,0.9998898549860946
0.04549880601500327,20.978598727849015,0.057751184969593444,0.05774473544809683,0.9998883222655949
0.04570881896148592,20.877616239496284,0.058017722282384145,0.058011152833427115,0.9998867682373835
0.04591980128368527,20.77709772353234,0.058285489316828004,0.0582787977116428,0.9998851926051641
0.04613175745603634,20.677041048197697,0.058554491738679534,0.05854767570707787,0.9998835950684691
0.0463446919736272,20.57744409152741,0.05882473523965222,0.05881779246925873,0.9998819753227073
0.04655860935229429,20.47830474130608,0.059096225537534755,0.05908915367300095,0.9998803330590156
0.04677351412871821,20.379620895023056,0.05936896837630779,0.05936176501851575,0.9998786679642742
0.04698941086051993,20.28139045982785,0.05964296952626105,0.05963563223150876,0.9998769797209868
0.047206304126357436,20.183611352485745,0.05991823478411104,0.059910761063285856,0.999875268007275
0.047424198526022844,20.086281499333616,0.060194769973119136,0.06018715729085349,0.999873532496776
0.047643098680539946,19.989398836235956,0.06047258094321018,0.06046482671702258,0.9998717728585971
0.04786300923226221,19.892961308541103,0.060751673571091576,0.06074377517051089,0.9998699887572406
0.04808393484497122,19.796966871037665,0.06103205376037282,0.061024008506047514,0.9998681798525592
0.04830588020397563,19.701413487911122,0.0613137274416855,0.0613055326044753,0.9998663457996744
0.04852885001621046,19.606299132700702,0.06159670057280383,0.06158835337285544,0.9998644862489262
0.04875284901033699,19.511621788256345,0.06188097913876562,0.061872476744570463,0.9998626008457931
0.04897788193684297,19.41737944669598,0.062166569151993714,0.062157908679428865,0.999860689230836
0.04920395356814344,19.3235701093629,0.062453476652417926,0.062444655163767605,0.9998587510396032
0.049431068698681885,19.230191786783394,0.06274170770759749,0.06273272221055949,0.9998567859026108
0.04965923214503195,19.137242498624556,0.06303126841284389,0.06302211585951466,0.9998547934452265
0.049888448745999556,19.04472027365228,0.0633221648913443,0.06331284217718625,0.9998527732876149
0.05011872336272556,18.952623149689458,0.0636144032942854,0.06360490725707584,0.9998507250446784
0.05035006087878881,18.860949173574376,0.06390798980097775,0.06389831721973724,0.9998486483259661
0.05058246620030973,18.769696401119262,0.06420293061898057,0.0641930782128812,0.9998465427355983
0.050815944256054374,18.6788628970691,0.06449923198422708,0.06448919641148132,0.9998444078722021
0.05105049999753894,18.588446735060543,0.06479690016115026,0.06478667801787939,0.9998422433288406
0.0512861383991348,18.498445997581097,0.06509594144280921,0.0650855292618897,0.9998400486929179
0.05152286445817395,18.40885877592842,0.06539636215101576,0.06538575640090441,0.9998378235461041
0.051760683195055064,18.319683170169874,0.06569816863646186,0.06568736571999975,0.999835567464264
0.051999599653349896,18.230917289102216,0.06600136727884723,0.06599036353204193,0.999833280017385
0.05223961889991027,18.142559250211484,0.06630596448700761,0.06629475617779172,0.9998309607694782
0.052480746024975544,18.054607179633095,0.06661196669904347,0.06660055002600944,0.9998286092784857
0.052722986142280555,17.96705921211208,0.06691938038244913,0.06690775147356315,0.9998262250962349
0.05296634438916406,17.87991349096355,0.06722821203424256,0.0672163669455325,0.9998238077683216
0.053210825926677696,17.793168168033294,0.06753846818109543,0.0675264028953146,0.9998213568340271
0.053456435939695436,17.706821403658612,0.06785015537946386,0.06783786580473153,0.9998188718262531
0.05370317963702354,17.620871366629274,0.06816328021571945,0.06815076218413423,0.9998163522714046
0.05395106225151102,17.535316234148713,0.06847784930628104,0.0684650985725092,0.999813797689311
0.054200089040160646,17.450154191795328,0.06879386929774667,0.06878088153758478,0.9998112075931407
0.05445026528424037,17.365383433484052,0.06911134686702637,0.06909811767593778,0.9998085814893168
0.05470159628939541,17.281002161428013,0.06943028872147508,0.06941681361309686,0.9998059188773897
0.0549540873857607,17.197008586100416,0.06975070159902634,0.06973697600365024,0.9998032192499653
0.055207743928073975,17.1134009261966,0.07007259226832628,0.07005861153135208,0.9998004820926181
0.05546257129578931,17.030177408596263,0.07039596752886826,0.0703817269092278,0.9997977068837839
0.055718574893191215,16.947336268325834,0.0707208342111278,0.07070632887967918,0.9997948930946526
0.055975760149509245,16.864875748521072,0.07104719917669826,0.07103242421459115,0.999792040189081
0.056234132519033135,16.78279410038979,0.07137506931842669,0.0713600197154355,0.9997891476234644
0.056493697481228476,16.701089583174767,0.07170445156055046,0.0716891222133807,0.9997862148466917
0.056754460540852925,16.619760464116847,0.07203535285883418,0.0720197385693926,0.9997832412999742
0.057016427228072965,16.53880501841816,0.07236778020070724,0.07235187567434222,0.9997802264167712
0.05727960309858113,16.458221529205584,0.07270174060540165,0.07268554044911164,0.9997771696226927
0.0575439937337139,16.378008287494296,0.07303724112409063,0.07302073984469828,0.9997740703353744
0.05780960474057001,16.298163592151553,0.07337428884002742,0.07335748084231986,0.999770927964369
0.0580764417521294,16.218685749860605,0.07371289086868478,0.07369577045351962,0.9997677419110361
0.05834451042737267,16.139573075084783,0.07405305435789485,0.07403561572027104,0.9997645115684286
0.05861381645140106,16.060823890031763,0.07439478648798949,0.07437702371508322,0.9997612363211884
0.05888436553555708,15.982436524617967,0.0747380944719412,0.07472000154110295,0.9997579155453977
0.05915616341754557,15.904409316433163,0.07508298555550444,0.07506455633222286,0.9997545486085133
0.05942921586155544,15.82674061070519,0.07542946701735742,0.07541069525318111,0.9997511348691887
0.059703528658381855,15.749428760264887,0.07577754616924445,0.07575842549966846,0.9997476736771961
0.0599791076255491,15.672472125511138,0.07612723035611867,0.0761077542984302,0.999744164373282
0.060255958607433935,15.595869074376115,0.07647852695628529,0.07645868890737047,0.9997406062890547
0.06053408747538951,15.519617982290654,0.07683144338154542,0.0768112366156549,0.9997369987468518
0.06081350012786994,15.443717232149815,0.07718598707734013,0.07716540474381213,0.999733341059597
0.06109420249055535,15.368165214278584,0.07754216552289521,0.07752120064383841,0.9997296325306957
0.06137620051647756,15.292960326397719,0.07789998623136629,0.07787863169930008,0.9997258724539079
0.061659500186146354,15.218100973589788,0.07825945674998447,0.0782377053254315,0.9997220601131637
0.061944107507676274,15.143585568265351,0.07862058466020237,0.0785984289692419,0.9997181947824959
0.06223002851691408,15.069412530129256,0.07898337757784075,0.0789608101096119,0.9997142757258435
0.0625172692775667,14.995580286147169,0.07934784315323544,0.07932485625739778,0.9997103021969574
0.06280583588132992,14.922087270512177,0.07971398907138484,0.07969057495552988,0.9997062734392329
0.06309573444801744,14.848931924611607,0.08008182305209792,0.08005797377911354,0.9997021886855789
0.0633869711256908,14.776112696993955,0.08045135285014254,0.08042706033552817,0.9996980471582669
0.0636795520907897,14.70362804333599,0.08082258625539436,0.0807978422645265,0.9996938480687854
0.06397348354826292,14.631476426410003,0.08119553109298612,0.08117032723833281,0.999689590617685
0.06426877173170006,14.559656316051205,0.0815701952234574,0.081544522961742,0.9996852739944403
0.06456542290346365,14.48816618912527,0.08194658654290492,0.08192043717221677,0.9996808973772878
0.06486344335482193,14.417004529496047,0.08232471298313308,0.0822980776399855,0.9996764599330819
0.06516283940608236,14.346169827993393,0.08270458251180515,0.08267745216813757,0.9996719608171203
0.06546361740672559,14.275660582381173,0.08308620313259481,0.08305856859271994,0.9996673991729919
0.06576578373554012,14.205475297325401,0.08346958288533814,0.08344143478283282,0.9996627741324168
0.06606934480075767,14.135612484362523,0.08385472984618604,0.08382605864072444,0.9996580848150821
0.06637430704018896,14.066070661867856,0.08424165212775714,0.08421244810188395,0.9996533303284592
0.06668067692136027,13.99684835502417,0.08463035787929105,0.08460061113513995,0.9996485097676944
0.0669884609416507,13.927944095790394,0.08502085528680213,0.08499055574274704,0.9996436222153625
0.06729766562842983,13.8593564228705,0.08541315257323369,0.08538228996048094,0.999638666741328
0.06760829753919623,13.791083881682502,0.08580725799861241,0.08577582185772994,0.9996336424025696
0.06792036326171651,13.723125024327611,0.08620317986020355,0.08617115953758636,0.9996285482430101
0.06823386941416501,13.655478409559535,0.08660092649266618,0.08656831113693549,0.9996233832933248
0.0685488226452642,13.588142602753901,0.08700050626820917,0.08696728482654405,0.9996181465707487
0.06886522963442565,13.521116175877836,0.0874019275967473,0.08736808881115031,0.9996128370789131
0.06918309709189169,13.454397707459686,0.08780519892605795,0.0877707313295511,0.9996074538076511
0.0695024317588777,13.387985782558864,0.08821032874193818,0.08817522065468822,0.9996019957328051
0.06982324040771516,13.32187899273584,0.08861732556836215,0.08858156509373281,0.9995964618160165
0.07014552984199514,13.256075936022285,0.08902619796763889,0.08898977298817284,0.9995908510045629
0.07046930689671271,13.19057521689132,0.08943695454057062,0.08939985271389535,0.9995851622311397
0.0707945784384118,13.12537544622794,0.0898496039266113,0.08981181268127013,0.9995793944136688
0.07112135136533092,13.060475241299532,0.09026415480402562,0.09022566133523043,0.9995735464550821
0.07144963260754933,12.995873225726573,0.09068061589004837,0.0906414071553552,0.9995676172431304
0.07177942912713417,12.93156802945342,0.09109899594104418,0.09105905865594555,0.9995616056501383
0.07211074791828795,12.867558288719271,0.09151930375266758,0.09147862438610883,0.9995555105328524
0.072443596007497,12.80384264602923,0.0919415481600235,0.09190011292983183,0.9995493307321782
0.07277798045368039,12.740419750125533,0.09236573803782805,0.09232353290605927,0.9995430650729874
0.07311390834833972,12.677288255958869,0.09279188230056963,0.09274889296876665,0.9995367123638711
0.07345138681570947,12.614446824659876,0.09321998990267058,0.09317620180703656,0.9995302713969425
0.07379042301290807,12.551894123510733,0.0936500698386488,0.09360546814513072,0.999523740947605
0.07413102413008972,12.489628825916906,0.09408213114328015,0.09403670074255945,0.999517119774301
0.07447319739059687,12.427649611379007,0.09451618289176075,0.09446990839415427,0.9995104066183093
0.0748169500511134,12.365955165464786,0.0949522341998699,0.09490509993013387,0.9995036002034791
0.0751622894018185,12.304544179781272,0.09539029422413317,0.09534228421617322,0.999496699236013
0.07550922276654135,12.243415351947005,0.09583037216198585,0.09578147015346838,0.9994897024042148
0.07585775750291633,12.182567385564427,0.09627247725193665,0.09622266667880011,0.9994826083782369
0.07620790100253914,12.121998990192386,0.09671661877373174,0.09666588276459796,0.9994754158098468
0.07655966069112358,12.061708881318765,0.09716280604851904,0.09711112741900055,0.999468123332166
0.0769130440286589,12.001695780333252,0.09761104843901287,0.097558409685914,0.9994607295594027
0.07726805850956817,11.941958414500206,0.0980613553496587,0.09800773864507169,0.9994532330866137
0.07762471166286711,11.882495516931682,0.09851373622679832,0.09845912341208955,0.9994456324894323
0.07798301105232379,11.823305826560558,0.09896820055883525,0.09891257313851856,0.999437926323783
0.0783429642766191,11.764388088113776,0.09942475787640025,0.09936809701190052,0.9994301131256447
0.07870457896950778,11.705741052085754,0.09988341775251729,0.09982570425581558,0.9994221914107434
0.07906786279998042,11.647363474711847,0.10034418980276955,0.10028540412993205,0.9994141596742866
0.07943282347242606,11.589254117942003,0.10080708368546573,0.10074720593005602,0.9994060163907079
0.07979946872679557,11.531411749414488,0.10127210910180662,0.10121111898817144,0.9993977600133332
0.08016780633876582,11.473835142429756,0.10173927579605176,0.10167715267248706,0.999389388974134
0.08053784411990456,11.416523075924434,0.1022085935556864,0.10214531638747432,0.9993809016834029
0.08090958991783612,11.359474334445427,0.1026800722115885,0.10261561957390673,0.9993722965294674
0.08128305161640781,11.302687708124136,0.10315372163819608,0.103088071708898,0.9993635718784015
0.08165823713585713,11.246161992650805,0.10362955175367464,0.1035626823059351,0.9993547260737122
0.0820351544329797,11.18989598924898,0.10410757252008469,0.10403946091490839,0.9993457574360101
0.0824138115012981,11.133888504650084,0.10458779394354951,0.10451841712214462,0.9993366642627308
0.08279421637123129,11.078138351068112,0.10507022607442301,0.10499956055043097,0.999327444827786
0.08317637711026497,11.022644346174436,0.10555487900745761,0.105482900859041,0.9993180973812539
0.08356030182312266,10.967405313072742,0.10604176288197245,0.10596844774375828,0.9993086201490655
0.0839459986519376,10.912420080274053,0.1065308878820215,0.10645621093689447,0.9992990113326594
0.08433347577642539,10.857687481671903,0.10702226423656179,0.10694620020730487,0.9992892691086335
0.0847227414140575,10.803206356517595,0.10751590221962178,0.10743842536040644,0.9992793916284396
0.08511380382023549,10.748975549395594,0.10801181215046976,0.10793289623818558,0.9992693770180039
0.08550667128846617,10.694993910199004,0.10851000439378229,0.10842962271920807,0.99925922337739
0.08590135215053742,10.641260294105205,0.10901048935981258,0.10892861471862676,0.9992489287804628
0.08629785477669487,10.58777356155155,0.10951327750455912,0.10942988218818157,0.9992384912745025
0.0866961875758195,10.534532578211211,0.11001837932993407,0.10993343511620196,0.9992279088798667
0.08709635899560589,10.481536214969115,0.11052580538393175,0.11043928352760135,0.9992171795896003
0.08749837752274142,10.428783347898001,0.11103556626079725,0.11094743748387162,0.999206301369071
0.08790225168308625,10.376272858234591,0.11154767260119465,0.11145790708307457,0.999195272155601
0.08830799004185409,10.32400363235585,0.11206213509237556,0.1119707024598257,0.9991840898580552
0.0887156012037939,10.271974561755382,0.1125789644683473,0.11248583378528035,0.9991727523564748
0.08912509381337236,10.220184543019911,0.11309817151004124,0.1130033112671152,0.9991612575016952
0.08953647655495718,10.168632477805886,0.1136197670454809,0.11352314514950203,0.9991496031149211
0.08994975815300131,10.117317272816186,0.11414376194994988,0.11404534571308199,0.999137786987334
0.09036494737222794,10.066237839776933,0.11467016714615982,0.1145699232749354,0.999125806879686
0.09078205301781636,10.015393095414419,0.11519899360441815,0.11509688818854644,0.9991136605218763
0.09120108393558876,9.964781961432116,0.11573025234279556,0.11562625084376485,0.9991013456125313
0.09162204901219775,9.91440336448783,0.11626395442729343,0.11615802166676524,0.9990888598185912
0.09204495717531491,9.864256236170917,0.11680011097201098,0.11669221111999818,0.9990762007748549
0.09246981739382003,9.814339512979641,0.11733873313931231,0.11722882970214137,0.9990633660835552
0.0928966386779914,9.764652136298608,0.11787983213999292,0.11776788794804692,0.999050353313932
0.09332543007969687,9.71519305237632,0.11842341923344638,0.11830939642867952,0.9990371600017554
0.09375620069258579,9.665961212302832,0.1189695057278303,0.11885336575105392,0.9990237836488782
0.0941889596522819,9.616955571987498,0.11951810298023233,0.11939980655816845,0.9990102217227842
0.09462371613657707,9.568175092136835,0.12006922239683562,0.11994872952892979,0.9989964716560952
0.0950604793656259,9.519618738232479,0.12062287543308409,0.12050014537808197,0.9989825308461479
0.09549925860214134,9.471285480509243,0.12117907359384719,0.12105406485611585,0.9989683966544394
0.09594006315159107,9.423174293933286,0.12173782843358438,0.12161049874919033,0.9989540664062073
0.0963829023623948,9.375284158180369,0.12229915155650917,0.12216945787903853,0.9989395373899164
0.09682778562612265,9.327614057614216,0.12286305461675272,0.12273095310286777,0.9989248068567316
0.09727472237769424,9.280162981264974,0.12342954931852695,0.12329499531326245,0.9989098720200519
0.0977237220955788,9.232929922807779,0.12399864741628724,0.12386159543807494,0.9988947300549804
0.09817479430199617,9.185913880541404,0.12457036071489462,0.12443076444031119,0.998879378097789
0.09862794856311877,9.139113857367029,0.1251447010697773,0.12500251331801462,0.9988638132454095
0.09908319448927448,9.092528860767075,0.12572168038709186,0.1255768531041449,0.9988480325549178
0.09954054173515041,9.046157902784183,0.12630131062388358,0.1261537948664419,0.9988320330429431
0.09999999999999772,9.00000000000023,0.12688360378824648,0.12673334970729613,0.9988158116851639
0.10046157902783723,8.954054173515496,0.12746857193948247,0.12731552876360552,0.9987993654157387
0.10092528860766614,8.908319448927902,0.12805622718825993,0.1279003432066284,0.9987826911267473
0.10139113857366565,8.862794856312327,0.12864658169677162,0.12848780424182832,0.9987657856676087
0.1018591388054094,8.817479430200066,0.12923964767889184,0.12907792310871527,0.9987486458445136
0.10232929922807311,8.772372209558327,0.12983543740033276,0.12967071108068123,0.9987312684198566
0.10280162981264504,8.72747223776987,0.13043396317880024,0.1302661794648222,0.9987136501116044
0.10327614057613743,8.682778562612707,0.13103523738414838,0.13086433960176355,0.9986957875927388
0.10375284158179894,8.638290236239921,0.1316392724385337,0.13146520286546687,0.9986776774905974
0.10423174293932809,8.594006315159545,0.13224608081656813,0.13206878066304295,0.9986593163863123
0.10471285480508763,8.549925860214572,0.13285567504547124,0.13267508443454687,0.9986407008141537
0.10519618738231996,8.506047936563025,0.1334680677052214,0.13328412565277237,0.9986218272609199
0.10568175092136352,8.462371613658139,0.1340832714287062,0.13389591582303131,0.99860269216526
0.10616955571987013,8.41889596522862,0.1347012989018716,0.13451046648293452,0.9985832919170579
0.10665961212302345,8.375620069259007,0.13532216286387008,0.13512778920215937,0.9985636228567656
0.10715193052375831,8.332543007970115,0.13594587610720785,0.1357478955822116,0.998543681274744
0.10764652136298114,8.289663867799566,0.13657245147789088,0.13637079725617576,0.9985234634105711
0.10814339512979146,8.246981739382425,0.13720190187556966,0.13699650588846296,0.9985029654523815
0.1086425623617042,8.20449571753191,0.13783424025368296,0.1376250331745424,0.9984821835361407
0.1091440336448733,8.162204901220194,0.1384694796196001,0.13825639084067493,0.9984611137449887
0.10964781961431615,8.120108393559294,0.13910763303476226,0.1388905906436278,0.998439752108497
0.11015393095413914,8.078205301782052,0.13974871361482213,0.13952764437038598,0.998418094601962
0.11066237839776427,8.036494737223208,0.14039273452978257,0.1401675638378512,0.9983961371456612
0.11117317272815677,7.994975815300542,0.14103970900413354,0.14081036089253957,0.9983738756041587
0.11168632477805374,7.953647655496129,0.1416896503169878,0.14145604741025472,0.9983513057854935
0.11220184543019397,7.912509381337644,0.14234257180221505,0.1421046352957669,0.9983284234404675
0.11271974561754866,7.871560120379796,0.14299848684857447,0.1427561364824759,0.9983052242618818
0.11324003632355333,7.830799004185813,0.1436574088998459,0.14341056293205934,0.9982817038837262
0.11376272858234071,7.790225168309027,0.14431935145495914,0.14406792663411988,0.9982578578804262
0.11428783347897478,7.7498377522745425,0.14498432806812175,0.1447282396058132,0.9982336817660167
0.11481536214968589,7.709635899560988,0.14565235234894508,0.14539151389147537,0.9982091709933746
0.11534532578210684,7.669618757582345,0.1463234379625685,0.1460577615622257,0.9981843209533474
0.11587773561551021,7.629785477669882,0.14699759862978184,0.14672699471557327,0.9981591269739711
0.11641260294104673,7.590135215054135,0.14767484812714607,0.14739922547500428,0.9981335843196231
0.1169499391019847,7.550667128847008,0.14835520028711177,0.14807446598955756,0.9981076881901618
0.11748975549395055,7.511380382023939,0.149038668998136,0.1487527284333906,0.9980814337200705
0.11803206356517056,7.472274141406137,0.14972526820479687,0.14943402500533443,0.9980548159775938
0.1185768748167136,7.433347577642925,0.15041501190790604,0.15011836792843397,0.998027829963849
0.11912420080273507,7.394599865194143,0.15110791416461933,0.1508057694494768,0.9980004706119272
0.11967405313072194,7.356030182312649,0.15180398908854478,0.1514962418385117,0.9979727327860036
0.12022644346173887,7.317637711026878,0.1525032508498487,0.15218979738835303,0.9979446112804226
0.1207813835106756,7.279421637123507,0.1532057136753594,0.1528864484140687,0.9979161008187514
0.1213388850464953,7.241381150130188,0.1539113918486684,0.15358620725246208,0.9978871960528689
0.12189895989248423,7.203515443298345,0.15462029971022925,0.15428908626153212,0.9978578915619886
0.12246161992650245,7.165823713586086,0.15533245165745405,0.15499509781992699,0.9978281818517163
0.12302687708123573,7.128305161641153,0.15604786214480704,0.15570425432637716,0.9977980613530545
0.12359474334444862,7.090958991783982,0.15676654568389595,0.15641656819912284,0.9977675244214489
0.12416523075923867,7.053784411990824,0.15748851684356038,0.15713205187531612,0.9977365653357549
0.12473835142429186,7.016780633876948,0.15821379024995752,0.15785071781041807,0.997705178297253
0.12531411749413915,6.979946872679922,0.158942380586645,0.15857257847757344,0.9976733574286062
0.12589254117941429,6.9432823472429686,0.15967430259466095,0.15929764636697238,0.9976410967728181
0.12647363474711268,6.906786279998404,0.16040957107260093,0.16002593398520387,0.9976083902922263
0.12705741052085173,6.870457896951137,0.161148200876692,0.16075745385457688,0.9975752318673784
0.12764388088113193,6.834296427662268,0.16189020692086337,0.16149221851244214,0.9975416152960026
0.1282330582655997,6.798301105232737,0.16263560417681427,0.16223024051048757,0.9975075342919008
0.12882495516931095,6.762471166287065,0.16338440767407814,0.1629715324140199,0.9974729824838497
0.12941958414499616,6.726805850957169,0.1641366325000838,0.163716106801228,0.9974379534144786
0.13001695780332656,6.691304402866242,0.164892293800213,0.16446397626243045,0.9974024405391466
0.13061708881318168,6.655966069112708,0.1656514067778545,0.16521515339930787,0.9973664372248183
0.13121998990191786,6.620790100254263,0.16641398669445456,0.16596965082410656,0.9973299367488634
0.13182567385563826,6.585775750291979,0.16718004886956375,0.16672748115883496,0.9972929322979089
0.132434153519464,6.55092227665448,0.16794960868088013,0.16748865703443785,0.9972554169666562
0.13304544179780664,6.516228940182194,0.16872268156428827,0.16825319108995274,0.9972173837566904
0.13365955165464175,6.481695005111682,0.16949928301389466,0.1690210959716403,0.9971788255752376
0.13427649611378392,6.447319739060027,0.17027942858205897,0.16979238433210406,0.9971397352339587
0.1348962882591629,6.413102413009311,0.17106313387942101,0.17056706882938438,0.997100105447698
0.13551894123510114,6.379042301291144,0.17185041457492395,0.1713451621260344,0.997059928833228
0.13614446824659251,6.345138681571283,0.1726412863958326,0.17212667688816707,0.9970191979079348
0.13677288255958242,6.311390834834308,0.17343576512774775,0.17291162578450517,0.9969779050886274
0.13740419750124905,6.277798045368372,0.17423386661461598,0.1737000214853762,0.9969360426901356
0.138038426460286,6.244359600750031,0.1750356067587346,0.1744918766617084,0.9968936029240286
0.13867558288718637,6.211074791829125,0.1758410015207522,0.17528720398399755,0.9968505778972757
0.13931568029452782,6.177942912713746,0.17665006691966395,0.17608601612125124,0.9968069596108943
0.13995873225725933,6.14496326075526,0.17746281903280264,0.17688832573990926,0.9967627399585758
0.1406047524129889,6.112135136533417,0.1782792739958241,0.17769414550274557,0.996717910725325
0.14125375446227295,6.079457843841503,0.17909944800268776,0.17850348806773636,0.996672463586027
0.14190575216890672,6.046930689671593,0.17992335730563197,0.17931636608691265,0.9966263901040473
0.1425607593602163,6.0145529841998355,0.18075101821514386,0.18013279220518633,0.9965796817298054
0.14321878992735185,5.982324040771836,0.18158244709992388,0.180952779059147,0.9965323297993094
0.14387985782558205,5.9502431758880885,0.1824176603868446,0.18177633927583645,0.9964843255326917
0.14454397707459024,5.918309709189485,0.1832566745609039,0.1826034854715012,0.9964356600327504
0.14521116175877172,5.8865229634428795,0.18409950616517223,0.18343423025030745,0.9963863242834128
0.14588142602753235,5.854882264526733,0.18494617180073422,0.18426858620303732,0.9963363091482264
0.14655478409558864,5.823386941416813,0.18579668812662367,0.18510656590576002,0.9962856053688464
0.14723125024326938,5.792036326171961,0.18665107185975294,0.1859481819184675,0.996234203563462
0.14791083881681824,5.760829753919932,0.1875093397748355,0.18679344678368168,0.9961820942252078
0.14859356422869818,5.729766562843292,0.18837150870430242,0.18764237302504508,0.9961292677206196
0.1492794409578971,5.6988460941653765,0.189237595538212,0.18849497314586738,0.9960757142879958
0.14996848355023484,5.668067692136333,0.19010761722415281,0.18935125962764932,0.9960214240357782
0.15066070661867167,5.6374307040191995,0.1909815907671397,0.19021124492857733,0.9959663869409192
0.1513561248436183,5.60693448007607,0.1918595332295029,0.19107494148198068,0.9959105928471969
0.15205475297324705,5.576578373554313,0.1927414617307701,0.19194236169476675,0.9958540314635594
0.15275660582380474,5.546361740672858,0.19362739344754099,0.19281351794581772,0.9957966923624174
0.15346169827992692,5.516283940608534,0.19451734561335443,0.19368842258435431,0.9957385649779131
0.15417004529495343,5.48634433548249,0.19541133551854803,0.19456708792827274,0.9956796386042039
0.1548816618912456,5.45654229034666,0.1963093805101101,0.19544952626244408,0.9956199023937028
0.15559656316050494,5.4268771731703,0.19721149799152343,0.19633574983697522,0.9955593453552801
0.15631476426409288,5.397348354826585,0.19811770542260124,0.19722577086544682,0.9954979563525035
0.15703628043335274,5.36795520907926,0.19902802031931482,0.19811960152310626,0.9954357241018067
0.15776112696993233,5.338697112569371,0.1999424602536127,0.19901725394502207,0.9953726371706286
0.15848931924610882,5.309573444802033,0.20086104285323148,0.19991874022422393,0.9953086839756374
0.15922087270511448,5.280583588133279,0.20178378580149764,0.20082407240977052,0.9952438527807619
0.15995580286146435,5.251726927756957,0.20271070683712064,0.20173326250481138,0.9951781316953592
0.1606941253012852,5.223002851691692,0.20364182375397702,0.20264632246459693,0.9951115086722914
0.1614358556826461,5.194410750767911,0.20457715440088517,0.20356326419444723,0.995043971505972
0.16218100973589047,5.165950018614917,0.20551671668137045,0.2044840995476911,0.9949755078304393
0.1629296032639697,5.137620051648037,0.20646052855342112,0.205408840323555,0.9949061051173567
0.16368165214277833,5.109420249055815,0.2074086080292342,0.20633749826502024,0.9948357506740367
0.16443717232149063,5.081350012787272,0.2083609731749515,0.2072700850566338,0.99476443164142
0.16519617982289897,5.053408747539228,0.20931764211038523,0.20820661232227772,0.9946921349920348
0.16595869074375355,5.025595860743668,0.21027863300873362,0.20914709162289483,0.9946188475279284
0.16672472125510376,4.997910762555184,0.2112439640962855,0.21009153445417855,0.9945445558786159
0.1674942876026412,4.970352865838459,0.21221365365211478,0.21103995224421182,0.9944692464989693
0.16826740610704422,4.942921586155816,0.2131877200077632,0.21199235635106087,0.9943929056670863
0.1690440931643239,4.915616341754828,0.21416618154691244,0.21294875806032754,0.9943155194821539
0.16982436524617192,4.888436553555977,0.21514905670504467,0.21390916858265632,0.9942370738622938
0.17060823890030982,4.861381645140375,0.21613636396909158,0.21487359905119346,0.9941575545423782
0.17139573075084,4.834451042737534,0.21712812187707137,0.21584206051899477,0.994076947071809
0.1721868574985982,4.8076441752132055,0.2181243490177141,0.21681456395639315,0.9939952368123075
0.17298163592150764,4.780960474057265,0.21912506403007442,0.2177911202483096,0.993912408935649
0.17378008287493502,4.754399373371653,0.22013028560313197,0.21877174019152296,0.9938284484214122
0.17458221529204787,4.727960309858375,0.2211400324753791,0.21975643449188056,0.993743340054666
0.1753880501841736,4.701642722807557,0.22215432343439565,0.2207452137614658,0.9936570684236719
0.1761976046411604,4.675446054085552,0.2231731773164104,0.22173808851571017,0.993569617917544
0.1770108958317396,4.649369748123106,0.22419661300584937,0.22273506917045194,0.9934809727238864
0.17782794100388977,4.62341325190357,0.22522464943487022,0.22373616603894494,0.9933911168264213
0.17864875748520256,4.59757601495118,0.22625730558288282,0.22474138932880974,0.9933000340025805
0.17947336268325015,4.571857489319377,0.2272946004760557,0.22575074913893187,0.9932077078210818
0.18030177408595438,4.5462571295791845,0.22833655318680815,0.2267642554563075,0.993114121639498
0.18113400926195775,4.52077439280765,0.22938318283328737,0.22778191815282997,0.9930192586017904
0.18197008586099583,4.495408738576321,0.23043450857883108,0.22880374698201117,0.9929231016357863
0.18281002161427176,4.470159628939791,0.23149054963141458,0.22982975157566318,0.9928256334507143
0.18365383433483212,4.445026528424287,0.2325513252430826,0.2308599414405049,0.9927268365346457
0.18450154191794485,4.420008904016313,0.23361685470936533,0.23189432595471596,0.9926266931519461
0.18535316234147864,4.395106225151349,0.23468715736867835,0.23293291436442914,0.9925251853406984
0.18620871366628425,4.3703179637025995,0.23576225260170633,0.23397571578016524,0.9924222949101218
0.18706821403657756,4.345643593969788,0.23684215983077028,0.23502273917319566,0.9923180034379241
0.18793168168032434,4.321082592668013,0.23792689851917778,0.23607399337185386,0.9922122922676834
0.18879913490962685,4.296634438916648,0.23901648817055593,0.237129487057775,0.9921051425061755
0.18967059212111212,4.272298614228297,0.24011094832816723,0.2381892287620776,0.9919965350207057
0.19054607179632221,4.248074602497795,0.2412102985742074,0.23925322686147177,0.9918864504363873
0.19142559250210608,4.223961889991266,0.24231455852908515,0.2403214895743062,0.9917748691334214
0.19230917289101335,4.1999599653352275,0.24342374785068385,0.24139402495654916,0.9916617712443581
0.19319683170168991,4.1760683195057435,0.24453788623360417,0.24247084089769555,0.9915471366513162
0.19408858775927532,4.152286445817631,0.245656993408388,0.24355194511661155,0.9914309449832068
0.19498445997580205,4.128613839913714,0.2467810891407229,0.24463734515730273,0.9913131756129104
0.1958844673505965,4.105049999754127,0.24791019323062702,0.24572704838462156,0.9911938076544738
0.196788628970682,4.08159442560567,0.249044325511614,0.24682106197988835,0.9910728199602283
0.19769696401118358,4.058246620031205,0.2501835058498377,0.24791939293645412,0.9909501911179449
0.19860949173573467,4.035006087879111,0.25132775414321573,0.24902204805518052,0.9908258994479323
0.19952623149688548,4.011872336272785,0.2524770903205332,0.2501290339398484,0.9906999230001272
0.20044720273651365,3.9888448746001837,0.2536315343405239,0.2512403569924935,0.9905722395511749
0.20137242498623636,3.9659232145034213,0.25479110619093037,0.2523560234086609,0.9904428266014721
0.2023019178678247,3.943106869868414,0.255955825887542,0.2534760391725889,0.990311661372214
0.20323570109361971,3.920395356814569,0.2571257134732108,0.2546004100523069,0.9901787208023946
0.20417379446695047,3.897788193684521,0.25830078901684406,0.2557291415946631,0.99004398154582
0.20511621788255407,3.875284901033922,0.2594810726123743,0.2568622391202586,0.9899074199680534
0.20606299132699757,3.852885001621268,0.2606665843777056,0.2579997077183237,0.9897690121434298
0.20701413487910175,3.8305880203977845,0.26185734445363595,0.259141552241487,0.9896287338519549
0.20796966871036712,3.8083934844973424,0.26305337300275555,0.26028777730047736,0.9894865605762477
0.2089296130854015,3.786300923226439,0.2642546902083206,0.2614383872587409,0.9893424674984596
0.20989398836234996,3.7643098680542124,0.26546131627310177,0.26259338622696726,0.9891964294971549
0.21086281499332651,3.7424198526025014,0.26667327141820746,0.263752778057535,0.9890484211441932
0.21183611352484774,3.72063041263596,0.2678905758818815,0.26491656633887556,0.9888984167016117
0.21281390459826877,3.6989410860522076,0.2691132499182741,0.26608475438973767,0.9887463901184496
0.21379620895022078,3.677351412872035,0.2703413137961871,0.2672573452533721,0.9885923150275875
0.21478304741305096,3.655860935229642,0.27157478779779093,0.2684343416916313,0.9884361647425903
0.2157744409152642,3.6344691973629324,0.2728136922173157,0.2696157461789655,0.9882779122544816
0.21677041048196705,3.6131757456038454,0.27405804735971323,0.27080156089634244,0.9881175302285632
0.21777097723531347,3.5919801283687365,0.2753078735392915,0.2719917877250714,0.9879549910012042
0.21877616239495284,3.5708818961488005,0.2765631910783202,0.2731864282405249,0.9877902665765849
0.2197859872784801,3.5498806015005355,0.2778240203056073,0.2743854837057823,0.987623328623484
0.2208004733018876,3.5289757990362567,0.279090381555046,0.2755889550651718,0.9874541484720296
0.2218196419800195,3.50816704541465,0.2803622951641318,0.2767968429377115,0.9872826971104193
0.22284351492702797,3.4874538993313697,0.2816397814724489,0.27800914761046286,0.9871089451816621
0.22387211385683156,3.466835921509679,0.28292286082012646,0.2792258690317924,0.9869328629803285
0.22490546058357572,3.446312674691134,0.2842115535462627,0.280447006804521,0.9867544204492414
0.2259435770220954,3.4258837236263124,0.28550587998731786,0.2816725601789837,0.9865735871761925
0.22698648518837983,3.4055486350655793,0.28680586047547485,0.28290252804599103,0.9863903323906535
0.22803420720003945,3.3853069777499023,0.2881115153369668,0.28413690892968935,0.9862046249604816
0.22908676527677493,3.3651583224017045,0.2894228648903723,0.28537570098031834,0.9860164333886097
0.2301441817408485,3.345102241715759,0.2907399294448765,0.28661890196687084,0.9858257258097499
0.23120647901755711,3.3251383103501313,0.2920627292984981,0.287866509269646,0.9856324699870781
0.23227367963570833,3.30526610491715,0.2933912847362823,0.28911851987270526,0.9854366333089354
0.23334580622809792,3.2854852039744387,0.29472561602845837,0.29037493035621875,0.9852381827855116
0.23442288153198987,3.265795188015969,0.2960657434285617,0.29163573688871325,0.9850370850455471
0.23550492838959863,3.2461956394631706,0.2974116871715203,0.292900935219211,0.9848333063330229
0.2365919697485735,3.226686142656071,0.2987634674717045,0.2941705206692675,0.9846268125038682
0.23768402866248534,3.207266283844482,0.30012110452093976,0.2954444881248986,0.9844175690226581
0.23878112829131545,3.187935651179224,0.3014846184864824,0.29672283202840544,0.9842055409593293
0.23988329190194674,3.1686938347033937,0.30285402950895685,0.29800554637008764,0.98399069298589
0.24099054286865718,3.149540426343669,0.30422935770025505,0.2992926246798546,0.9837729893731545
0.2421029046736155,3.1304750199016533,0.30561062314139675,0.3005840600187236,0.9835523939874711
0.24322040090737923,3.1114972110452612,0.3069978458803503,0.30187984497021303,0.9833288702874744
0.2443430552693949,3.092606597300147,0.30839104592981365,0.3031799716316241,0.9831023813208392
0.24547089156850077,3.0738027780411645,0.3097902432649551,0.30448443160521527,0.9828728897210559
0.24660393372343165,3.055085354483876,0.3111954578211129,0.3057932159892672,0.9826403577042209
0.24774220576332628,3.036453929676086,0.3126067094914535,0.3071063153690364,0.9824047470658415
0.24888573182823684,3.0179081084894355,0.3140240181245882,0.3084237198075967,0.982166019177649
0.2500345361696409,2.9994474976110106,0.3154474035221467,0.3097454188365785,0.9819241349844624
0.2511886431509558,2.9810717055350078,0.31687688543630854,0.31107140144678724,0.981679055001037
0.25234807724805525,2.9627803425544297,0.31831248356729064,0.31240165607871784,0.9814307393089619
0.25351286304978854,2.9445730207528187,0.3197542175607907,0.3137361706129589,0.9811791475535809
0.2546830252585019,2.9264493539960323,0.32120210700538687,0.3150749323604801,0.9809242389409233
0.2558585886905624,2.9084089579240535,0.3226561714298915,0.3164179280528108,0.9806659722346698
0.2570395782768842,2.8904514499428395,0.3241164303006603,0.31776514383211624,0.9804043057531752
0.25822601906345743,2.8725764492162047,0.32558290301885495,0.31911656524115206,0.9801391973664895
0.25941793621187925,2.8547835766577503,0.3270556089176593,0.3204721772131141,0.9798706044934314
0.26061535499988736,2.83707245492282,0.32853456725944896,0.32183196406137643,0.9795984840986934
0.2618183008218964,2.819442708400497,0.33001979723291275,0.3231959094691168,0.9793227926899792
0.26302679918953603,2.801893963205643,0.3315113179501266,0.3245639964788456,0.9790434863152208
0.2642408757321925,2.7844258471709638,0.3330091484435789,0.32593620748180546,0.9787605205597775
0.26546055619755177,2.7670379898391193,0.3345133076631464,0.32731252420727974,0.9784738505437344
0.2666858664521458,2.7497300224548655,0.3360238144730214,0.3286929277117811,0.9781834309192129
0.26791683248190107,2.7325015779572355,0.33754068764858813,0.33007739836813954,0.9778892158677517
0.26915348039268944,2.715352290971755,0.33906394587324884,0.3314659158544826,0.9775911590977396
0.2703958364108823,2.6982817978026907,0.3405936077351993,0.33285845914311113,0.977289213841905
0.27164392688390615,2.681289736425343,0.34212969172415253,0.33425500648926604,0.9769833328548533
0.272897778280802,2.664375746478361,0.34367221622801003,0.33565553541979115,0.9766734684106666
0.2741574171927862,2.647539469256105,0.3452211995294817,0.33706002272169494,0.9763595723005712
0.2754228703338146,2.6307805477010406,0.3467766598026521,0.3384684444306162,0.9760415958306881
0.2766941645411491,2.61409862639616,0.34833861510949327,0.3398807758191779,0.9757194898198215
0.27797132677592684,2.5974933515574494,0.34990708339632404,0.34129699138525077,0.9753932045973445
0.27925438412373177,2.5809643710263863,0.35148208249021506,0.34271706484010844,0.9750626900011308
0.2805433637951693,2.5645113342624684,0.35306363009533875,0.3441409690965021,0.9747278953756091
0.2818382931264434,2.54813389233578,0.3546517437892645,0.3455686762566261,0.9743887695698583
0.2831391995799359,2.531831697919595,0.3562464410191979,0.3470001575999952,0.9740452609358015
0.2844461107447896,2.5156044052830056,0.35784773909816403,0.3484353835712349,0.973697317326498
0.2857590543374927,2.4994516702835967,0.35945565520113454,0.34987432376777644,0.9733448860945119
0.2870780582024671,2.4833731503601415,0.36107020636109755,0.35131694692746673,0.9729879140903783
0.2884031503126586,2.46736850452534,0.36269140946507045,0.3527632209160913,0.9726263476611643
0.2897343587701304,2.4514373933585856,0.3643192812500551,0.35421311271482375,0.9722601326491561
0.2910717118066586,2.4355794789987693,0.36595383829893474,0.35566658840757476,0.9718892143905956
0.2924152377843316,2.4197944251371113,0.36759509703631305,0.3571236131682843,0.971513537714584
0.29376496519615114,2.4040818970100313,0.3692430737242938,0.35858415124813303,0.9711330469420814
0.29512092266663664,2.3884415613920478,0.3708977844582021,0.36004816596266626,0.9707476858849813
0.29648313895243233,2.3728730865887107,0.37255924516224553,0.36151561967887164,0.9703573978453695
0.2978516429429171,2.3573761424295676,0.3742274715851163,0.36298647380217275,0.9699621256148565
0.299226463660817,2.341950400261164,0.375902479295533,0.36446068876337173,0.9695618114740717
0.3006076302628212,2.3265955329400656,0.37758428367772184,0.3659382240055182,0.9691563971922521
0.30199517204019977,2.311311214825931,0.3792728999268376,0.36741903797073416,0.9687458240269999
0.30338911841942523,2.2960971217745976,0.3809683430443242,0.36890308808698136,0.968330032724165
0.3047894989627965,2.2809529311312096,0.3826706278332131,0.3703903307547781,0.9679089635178707
0.3061963433690659,2.265878321723377,0.3843797688933616,0.37188072133387445,0.9674825561306928
0.30760968147406903,2.2508729738543627,0.3860957806166289,0.37337421412988775,0.9670507497739973
0.3090295432513573,2.235936569296301,0.3878186771819907,0.3748707623808934,0.9666134831484114
0.3104559588128338,2.2210687912834532,0.3895484725505924,0.37637031824399053,0.9661706944444755
0.31188895840939196,2.2062693245054836,0.3912851804607397,0.3778728327818434,0.9657223213434682
0.3133285724315568,2.1915378551007794,0.3930288144228276,0.37937825594918856,0.9652683010183739
0.31477483141012985,2.176874070649788,0.3947793877142073,0.3808865365793397,0.9648085701350623
0.3162277660168362,2.1622776601683964,0.39653691337399055,0.3823976223706666,0.9643430648536153
0.31768740706497534,2.147748314101333,0.39830140419779186,0.3839114598730711,0.9638717208298496
0.31915378551007445,2.1332857243156025,0.4000728727324086,0.385427994474464,0.9633944732170334
0.3206269324505449,2.118889584093953,0.40185133127043865,0.3869471703872488,0.9629112566678057
0.3221068791283418,2.104559588128372,0.4036367918448359,0.3884689306348063,0.9624220053362718
0.3235936569296266,2.0902954325136065,0.4054292662234035,0.3899932170380054,0.9619266528803266
0.32508729738543274,2.0760968147407235,0.4072287659032248,0.3915199702017279,0.9614251324641688
0.32658783217233417,2.0619634336906927,0.4090353021050333,0.3930491295014305,0.9609173767610458
0.3280952931131174,2.047894989627998,0.4108488857675191,0.3945806330697339,0.9604033179562018
0.32960971217745616,2.0338911841942853,0.4126695275415754,0.396114417783063,0.9598828877500666
0.33113112148258955,2.0199517204020303,0.4144972377844825,0.3976504192483326,0.9593560173616661
0.332659553294003,2.006076302628245,0.41633202655403084,0.3991885717896928,0.9588226375322745
0.3341950400261127,1.992264636608203,0.4181739036025835,0.40072880843533654,0.9582826785292988
0.3357376142429532,1.9785164294292028,0.42002287837107777,0.4022710609043858,0.9577360701504246
0.33728730865886736,1.9648313895243557,0.4218789599829666,0.4038152595938494,0.9571827417279911
0.33884415613920105,1.951209226666399,0.4237421572381,0.40536133356567206,0.9566226221336298
0.3404081897009994,1.9376496519615438,0.42561247860654766,0.4069092105338973,0.956055639783202
0.3419794425137074,1.924152377843348,0.4274899322223618,0.40845881685191093,0.9554817226419459
0.3435579478998732,1.9107171180666174,0.42937452587728225,0.4100100774998138,0.9549007982299281
0.34514373933585485,1.897343587701335,0.4312662670143834,0.41156291607192574,0.9543127936277925
0.3467368504525302,1.884031503126618,0.4331651627216636,0.4131172547644057,0.9537176354827501
0.3483373150360104,1.870780582024702,0.4350712197255786,0.4146730143630304,0.9531152500148955
0.34994516702835593,1.857590543374958,0.4369844443845184,0.4162301142311198,0.9525055630238038
0.35156044052829677,1.844461107447927,0.43890484268222907,0.41778847229762167,0.9518884998954185
0.35318316979195563,1.8313919957993896,0.44083242022118035,0.4193480050453852,0.9512639856092805
0.35481338923357414,1.8183829312644644,0.4427671822158792,0.42090862749960545,0.95063194474604
0.35645113342624296,1.8054336379517237,0.44470913348613095,0.42247025321646114,0.9499923014952798
0.3580964371026347,1.792543841237348,0.44665827845024847,0.4240327942719707,0.9493449796636918
0.35974933515574103,1.7797132677592984,0.4486146211182105,0.4255961612510612,0.9486899026835688
0.36140986263961206,1.7669416454115212,0.45057816508477033,0.4271602632368612,0.9480269936216208
0.36307805477010013,1.7542287033381756,0.45254891352251525,0.42872500780024,0.9473561751881435
0.3647539469256066,1.7415741719278914,0.454526869174879,0.43029030098959975,0.9466773697465304
0.3664375746478321,1.7289777828080495,0.45651203434910753,0.43185604732092736,0.945990499323124
0.3681289736425302,1.7164392688390917,0.4585044109091795,0.433422149768134,0.9452954856174464
0.369828179780265,1.7039583641088525,0.4605040002686831,0.4349885097536734,0.944592250012763
0.3715352290971713,1.691534803926925,0.4625108033836503,0.4365550271394792,0.9438807135870491
0.3732501577957193,1.6791683248190412,0.46452482074535023,0.43812160021819124,0.9431607971242659
0.37497300224548225,1.666858664521489,0.4665460523730426,0.43968812570474847,0.942432421126095
0.37670379898390755,1.6546055619755489,0.4685744978066933,0.4412544987282947,0.9416955058239869
0.37844258471709197,1.642408757321956,0.47061015609965406,0.44282061282445734,0.9409499711916286
0.38018939632055987,1.630267991895391,0.47265302581130647,0.4443863599279937,0.9401957369577965
0.3819442708400452,1.618183008218995,0.47470310499967383,0.44595163036581925,0.9394327226195954
0.38370724549227736,1.606153549998905,0.4767603912140011,0.44751631285044413,0.938660847456117
0.3854783576657704,1.5941793621188238,0.47882488148730645,0.44908029447381487,0.9378800305424811
0.3872576449216158,1.5822601906346057,0.48089657232890465,0.4506434607015918,0.9370901907643011
0.38904514499427917,1.5703957827688733,0.4829754597169054,0.4522056953678668,0.9362912468325529
0.39084089579240056,1.5585858869056555,0.48506153909068855,0.45376688067034787,0.9354831172988759
0.3926449353995983,1.546830252585051,0.4871548053433578,0.4553268971660073,0.9346657205712721
0.3944573020752769,1.5351286304979173,0.48925525281417626,0.4568856237672331,0.9338389749302549
0.3962780342554379,1.5234807724805846,0.49136287528098443,0.45844293773846945,0.9330027985453931
0.3981071705534957,1.51188643150959,0.49347766595260467,0.4599987146934052,0.9321571094923373
0.3999447497610959,1.500345361696441,0.4955996174612337,0.4615528285926734,0.9313018257702277
0.4017908108489383,1.4888573182824008,0.4977287218548259,0.46310515174211386,0.9304368653195569
0.4036453929676033,1.4774220576332957,0.49986497058946944,0.46465555479161796,0.9295621460404987
0.40550853544838217,1.4660393372343492,0.5020083545217592,0.4662039067345411,0.9286775858116397
0.407380277804111,1.4547089156850408,0.5041588639011678,0.4677500749077348,0.9277831025091917
0.40926065973000914,1.4434305526939823,0.5063164883624183,0.4692939249921803,0.9268786140266136
0.41114972110452047,1.4322040090738257,0.5084812169178612,0.47083532101427256,0.9259640382947127
0.4130475019901596,1.4210290467361886,0.5106530379498594,0.4723741253477554,0.9250392933021921
0.41495404263436114,1.4099054286866055,0.5128319392031829,0.4739101987163137,0.9241042971166261
0.4168693834703336,1.398832919019501,0.5150179077774174,0.475443400196864,0.9231589679059142
0.4187935651179165,1.3878112829131881,0.5172109301193892,0.4769735872235423,0.9222032239601764
0.4207266283844422,1.3768402866248874,0.5194109920156113,0.47850061559241186,0.9212369837141032
0.4226686142656011,1.3659196974857686,0.5216180785847508,0.4800243394669048,0.9202601657697568
0.42461956394631095,1.3550492838960202,0.5238321742701258,0.481544611384017,0.919272688919825
0.42657951880159073,1.3442288153199327,0.5260532628322302,0.48306128226127387,0.9182744721713334
0.42854852039743757,1.3334580622810135,0.528281327341293,0.4845742014044807,0.9172654347698049
0.43052661049170865,1.3227367963571175,0.5305163501698764,0.486083216516269,0.9162454962238591
0.4325138310350067,1.3120647901756053,0.5327583129855137,0.48758817370547036,0.9152145763302777
0.4345102241715695,1.3014418174085192,0.5350071967433923,0.4890889174973145,0.9141725951994965
0.4365158322401639,1.2908676527677838,0.5372629816790869,0.4905852908444908,0.9131194732815647
0.4385306977749836,1.2803420720004288,0.5395256473013442,0.49207713513906576,0.9120551313925271
0.44055486350655115,1.269864851883833,0.5417951723849255,0.49356429022527626,0.9109794907412299
0.4425883723626244,1.2594357702209886,0.5440715349635092,0.49504659441324006,0.9098924729565988
0.4446312674691065,1.2490546058357923,0.5463547123226604,0.4965238844935584,0.908794000115307
0.4466835921509609,1.238721138568351,0.5486446809928675,0.4979959957528641,0.9076839947699014
0.4487453899331299,1.228435149270315,0.5509414167426541,0.4994627619902924,0.9065623799773117
0.45081670454145784,1.2181964198002304,0.5532448945717692,0.5009240155349268,0.9054290793278074
0.45289757990361845,1.2080047330189112,0.5555550887044584,0.502379587264203,0.9042840169743392
0.4549880601500462,1.1978598727848362,0.557871972582824,0.5038293066233054,0.9031271176622963
0.45708818961487263,1.187761623949564,0.5601955188602751,0.5052730016455551,0.9019583067596462
0.4591980128368662,1.1777097723531704,0.5625256993950751,0.5067104989738133,0.9007775102874696
0.461317574560377,1.1677041048197063,0.5648624852439895,0.5081416238829048,0.8995846549508694
0.46344691973628555,1.157744409152678,0.5672058466560392,0.5095662003030753,0.8983796681702448
0.46558609352295643,1.1478304741305454,0.569555753066365,0.5109840508445042,0.8971624781129443
0.4677351412871957,1.1379620895022438,0.5719121730902063,0.5123949968228646,0.8959330137252488
0.46989410860521286,1.1281390459827234,0.5742750745170013,0.5137988582859615,0.8946912047647134
0.47206304126358795,1.1183611352485134,0.5766444243046112,0.515195454041438,0.8934369818328237
0.474241985260242,1.1086281499333013,0.579020188573675,0.5165846016855787,0.8921702764079842
0.47643098680541307,1.0989398836235358,0.5814023326020994,0.5179661176332059,0.8908910208788102
0.47863009232263565,1.0892961308540512,0.5837908208196891,0.5193398171486778,0.8895991485777098
0.4808393484497258,1.0796966871037075,0.5861856168029221,0.5207055143780068,0.888294593814761
0.4830588020397699,1.0701413487910538,0.5885866832698755,0.5220630223820891,0.8869772919118452
0.4852885001621183,1.060629913270012,0.5909939820753072,0.5234121531710599,0.8856471792370372
0.4875284901033835,1.0511621788255772,0.5934074742058981,0.5247527177397829,0.8843041932392418
0.48977881936844336,1.0417379446695412,0.5958271197756607,0.5260845261044766,0.8829482724830595
0.49203953568144804,1.0323570109362334,0.5982528780215187,0.5274073873404665,0.8815793566838405
0.4943106869868325,1.0230191786782834,0.6006847072990632,0.5287211096210894,0.8801973867429502
0.4965923214503331,1.0137242498624004,0.6031225650784903,0.5300255002577453,0.8788023047832207
0.49888448746000924,1.004472027365173,0.6055664079407265,0.531320365741073,0.8773940541845234
0.5011872336272692,0.9952623149688917,0.6080161915737461,0.5326055117832932,0.8759725796195242
0.5035006087879017,0.9860949173573836,0.6104718707690858,0.5338807433616812,0.8745378270895374
0.5058246620031109,0.976969640111873,0.6129333994185626,0.5351458647631833,0.8730897439604862
0.5081594425605575,0.9678862897068568,0.6154007305111997,0.5364006796301736,0.8716282789989499
0.5105049999754031,0.9588446735060019,0.6178738161303655,0.5376449910073431,0.8701533824082701
0.5128613839913617,0.9498445997580574,0.6203526074511313,0.5388786013897225,0.8686650058647059
0.5152286445817532,0.9408858775927904,0.6228370547378531,0.5401013127718262,0.867163102553605
0.5176068319505643,0.9319683170169364,0.6253271073419815,0.5413129266979123,0.8656476272055752
0.5199959965335127,0.9230917289101706,0.6278227137001062,0.5425132443133527,0.8641185361326326
0.5223961889991164,0.914255925021098,0.6303238213322397,0.5437020664171035,0.8625757872643076
0.5248074602497692,0.9054607179632594,0.6328303768403445,0.5448791935152555,0.8610193401836682
0.5272298614228194,0.8967059212111586,0.63534232590711,0.5460444258756799,0.8594491561632778
0.5296634438916544,0.8879913490963056,0.6378596132949835,0.5471975635837096,0.8578651982009927
0.5321082592667907,0.8793168168032808,0.6403821828454593,0.5483384065989002,0.8562674310556644
0.5345643593969681,0.8706821403658129,0.6429099774786329,0.5494667548128074,0.8546558212826444
0.5370317963702491,0.86208713666288,0.6454429391930219,0.5505824081077852,0.853030337269104
0.539510622515124,0.8535316234148236,0.6479810090656618,0.5516851664167859,0.8513909492691352
0.5420008904016203,0.8450154191794859,0.6505241272524783,0.5527748297841399,0.8497376294386074
0.5445026528424175,0.8365383433483589,0.6530722329889418,0.5538511984272974,0.8480703518697532
0.5470159628939679,0.8281002161427551,0.6556252645910084,0.5549140727995053,0.8463890926254517
0.5495408738576207,0.8197008586099961,0.6581831594563531,0.555963253653397,0.8446938297731778
0.5520774392807536,0.8113400926196148,0.660745854065895,0.5569985421054875,0.8429845434186243
0.5546257129579069,0.8030177408595816,0.6633132839856245,0.5580197397015134,0.8412612157389071
0.557185748931926,0.7947336268325391,0.6658853838687312,0.5590266484826266,0.8395238310153837
0.5597576014951062,0.7864875748520632,0.6684620874580398,0.5600190710523921,0.8377723756660249
0.5623413251903451,0.7782794100389354,0.6710433275887558,0.560996810644566,0.8360068382773175
0.5649369748122985,0.7701089583174336,0.6736290361915249,0.5619596711916266,0.8342272096356774
0.5675446054085431,0.7619760464116416,0.6762191442958104,0.5629074573940197,0.8324334827583307
0.5701642722807434,0.7538805018417738,0.67881358203359,0.5638399747900875,0.8306256529236429
0.5727960309858251,0.7458221529205165,0.681412278643377,0.564757029826648,0.8288037177008641
0.5754399373371527,0.7378008287493882,0.6840151624745678,0.5656584299301932,0.8269676769792728
0.5780960474057139,0.7298163592151141,0.6866221609921186,0.5665439835786481,0.8251175329966537
0.5807644175213078,0.7218685749860196,0.689233200781553,0.5674135003736859,0.8232532903671352
0.5834451042737404,0.713957307508438,0.6918482075543056,0.5682667911135252,0.8213749561083019
0.5861381645140243,0.7060823890031362,0.6944671061534,0.5691036678661939,0.8194825396675955
0.5888436553555846,0.698243652461757,0.697089820559466,0.5699239440432033,0.8175760529479505
0.5915616341754695,0.6904409316432769,0.6997162738970975,0.5707274344735896,0.815655510332639
0.5942921586155682,0.68267406107048,0.702346388441551,0.571513955478296,0.8137209287093204
0.5970352865838323,0.6749428760264502,0.7049800856257882,0.5722833249448273,0.8117723274932366
0.5997910762555049,0.6672472125510753,0.7076172860478627,0.5730353624021259,0.8098097286495151
0.6025595860743531,0.6595869074375733,0.7102579094786515,0.5737698890956738,0.8078331567146312
0.6053408747539089,0.6519617982290278,0.7129018748699336,0.5744867280626849,0.8058426388168749
0.6081350012787132,0.6443717232149442,0.7155491003628144,0.5751857042074262,0.8038382046959212
0.6109420249055674,0.636816521427821,0.7181995032964968,0.5758666443765609,0.8018198867213973
0.6137620051647895,0.6292960326397348,0.7208530002174011,0.5765293774344874,0.799787719910457
0.6165950018614774,0.6218100973589424,0.7235095068886285,0.5771737343385932,0.7977417419442961
0.6194410750767767,0.6143585568264986,0.7261689382997742,0.5777995482144243,0.7956819931836567
0.6223002851691547,0.6069412530128897,0.7288312086770848,0.5784066544306599,0.7936085166832203
0.625172692775681,0.5995580286146811,0.7314962314939594,0.5789948906738811,0.7915213582049224
0.6280583588133132,0.5922087270511822,0.7341639194817967,0.5795640970230403,0.7894205662301148
0.6309573444801885,0.5848931924611254,0.7368341846411831,0.5801141160236107,0.7873061919705985
0.6338697112569222,0.5776112696993605,0.7395069382534204,0.5806447927613428,0.7851782893784868
0.636795520907911,0.5703628043335642,0.7421820908923942,0.5811559749355761,0.7830369151548761
0.6397348354826433,0.5631476426409658,0.7448595524367775,0.5816475129320372,0.7808821287572956
0.6426877173170148,0.5559656316050863,0.7475392320825685,0.5821192598950967,0.7787139924059524
0.6456542290346506,0.548816618912493,0.7502210383559597,0.5825710717993903,0.7765325710887035
0.6486344335482336,0.5417004529495708,0.7529048791265354,0.5830028075207777,0.774337932564781
0.6516283940608378,0.5346169827993057,0.7555906616207947,0.5834143289065655,0.7721301473672281
0.65463617406727,0.5275660582380841,0.7582782924359954,0.5838055008449438,0.7699092888040462
0.6576578373554156,0.5205475297325068,0.760967677554316,0.5841761913335695,0.7676754329580212
0.6606934480075911,0.5135612484362193,0.7636587223573316,0.5845262715472538,0.7654286586852366
0.663743070401904,0.506607066186753,0.7663513316407993,0.5848556159046877,0.7631690476122492
0.6668067692136171,0.49968483550238463,0.7690454096297482,0.5851641021341394,0.7608966841319068
0.6698846094165215,0.4927944095790071,0.7717408599938708,0.5854516113380923,0.7586116553978262
0.6729766562843128,0.4859356422870178,0.7744375858632071,0.5857180280567426,0.756314051317495
0.6760829753919768,0.4791083881682183,0.7771354898441206,0.5859632403303114,0.7540039645440013
0.6792036326171795,0.4723125024327297,0.779834474035558,0.5861871397601224,0.7516814904663911
0.6823386941416646,0.4655478409559224,0.7825344400455856,0.5863896215683696,0.7493467271986268
0.6854882264526565,0.4588142602753591,0.7852352890082005,0.5865705846565501,0.7469997755671731
0.688652296344271,0.45211161758775287,0.7879369216004051,0.586729931662489,0.7446407390971883
0.6918309709189314,0.4454397707459381,0.7906392380595426,0.5868675690159028,0.7422697239973133
0.6950243175887917,0.4387985782558559,0.7933421382008846,0.5869834069924617,0.7398868391430757
0.6982324040771662,0.43218789927355394,0.7960455214354634,0.587077359766296,0.737492196058905
0.7014552984199661,0.4256075936021986,0.7987492867881428,0.5871493454608953,0.7350859088987562
0.7046930689671418,0.4190575216891024,0.8014533329159206,0.5871992861983529,0.7326680944253497
0.7079457843841328,0.4125375446227646,0.8041575581264514,0.5872271081469084,0.7302388719880298
0.7112135136533239,0.4060475241299242,0.8068618603967875,0.5872327415667423,0.7277983634992501
0.7144963260755082,0.3995873225726283,0.809566137392324,0.5872161208539858,0.7253466934097008
0.7177942912713565,0.3931568029453132,0.8122702864859435,0.5871771845828884,0.7228839886820723
0.7211074791828944,0.3867558288718984,0.814974204777351,0.5871158755461104,0.7204103787634715
0.7244359600749849,0.38038426460289476,0.8176777891125893,0.5870321407931129,0.7179259955565238
0.7277798045368189,0.374041975012525,0.8203809361037265,0.5869259316665697,0.7154309733891239
0.7311390834834123,0.36772882559585884,0.8230835421487077,0.5867972038368167,0.7129254489829164
0.7345138681571097,0.3614446824659596,0.8257855034513597,0.5866459173342496,0.7104095614204545
0.7379042301290957,0.35518941235104573,0.8284867160415403,0.5864720365796855,0.7078834521111136
0.7413102413009123,0.3489628825916631,0.8311870757954234,0.5862755304126152,0.7053472647557295
0.7447319739059838,0.34276496113787336,0.833886478455908,0.5860563721173486,0.7028011453100166
0.748169500511149,0.3365955165464516,0.8365848196531442,0.5858145394470081,0.7002452419467666
0.7516228940182001,0.3304544179781006,0.8392819949251634,0.5855500146453488,0.6976797050168588
0.7550922276654286,0.3243415351946739,0.8419778997386045,0.5852627844663812,0.695104687009099
0.7585775750291784,0.31825673855641634,0.8446724295095257,0.5849528401917757,0.6925203425089169
0.7620790100254067,0.3121998990192123,0.8473654796242903,0.5846201776460352,0.689926828155954
0.765596606911251,0.30617088813185056,0.8500569454605186,0.5842647972094026,0.6873243026005476
0.7691304402866043,0.30016957803329936,0.8527467224080926,0.5838867038284997,0.6847129264591573
0.7726805850956969,0.294195841449995,0.8554347058902051,0.5834859070246871,0.6820928622687625
0.7762471166286864,0.2882495516931429,0.8581207913844426,0.5830624209001214,0.6794642744402476
0.7798301105232532,0.2823305826560305,0.8608048744438894,0.5826162641415207,0.676827329210829
0.7834296427662063,0.27643880881135274,0.8634868507182453,0.5821474600216021,0.6741821945955215
0.7870457896950931,0.27057410520855063,0.8661666159749428,0.5816560363982156,0.6715290403377105
0.7906786279998196,0.26473634747116015,0.868844066120257,0.5811420257111585,0.6688680378588469
0.7943282347242759,0.25892541179417594,0.8715190972203936,0.5806054649766723,0.6661993602073027
0.797994687267971,0.25314117494142474,0.8741916055225477,0.5800463957796183,0.6635231820064158
0.8016780633876734,0.2473835142429519,0.8768614874759206,0.5794648642633525,0.6608396794017768
0.8053784411990609,0.24165230759241996,0.8795286397526842,0.57886092111729,0.6581490300077786
0.8090958991783765,0.2359474334445193,0.8821929592688839,0.578234621562175,0.6554514128534715
0.8128305161640935,0.23026877081239028,0.884854343205267,0.577586025333066,0.6527470083277633
0.8165823713585866,0.2246161992650575,0.8875126890280298,0.5769151966600533,0.650035998124003
0.8203515443298124,0.21898959892487513,0.8901678945094679,0.5762222042467168,0.647318565183984
0.8241381150129964,0.2133888504649859,0.8928198577485237,0.5755071212463504,0.6445948936414122
0.8279421637123283,0.20781383510678864,0.8954684771912201,0.5747700252359643,0.6418651687648708
0.8317637711026651,0.20226443461742138,0.898113651650967,0.574010998188092,0.639129576900329
0.8356030182312421,0.1967405313072521,0.9007552803287352,0.5732301264404253,0.6363883054132328
0.8394599865193914,0.19124200802738356,0.9033932628330845,0.5724275006633027,0.6336415426302192
0.8433347577642694,0.1857687481671686,0.9060274992000372,0.5716032158250808,0.6308894777804966
0.8472274141405903,0.18032063565173817,0.9086578899127877,0.5707573711554103,0.6281323009369247
0.8511380382023703,0.17489755493953796,0.9112843359212374,0.5698900701064606,0.625370202956848
0.8550667128846772,0.16949939101987943,0.9139067386613478,0.5690014203121174,0.6226033754227119
0.8590135215053895,0.1641260294104998,0.9165250000742995,0.5680915335451918,0.6198320105825139
0.862978547766964,0.15877735615513444,0.9191390226254508,0.5671605256726793,0.6170563012901229
0.8669618757582104,0.15345325782110053,0.9217487093230852,0.5662085166091047,0.6142764409455127
0.8709635899560743,0.14815362149689126,0.92435396373694,0.5652356302679917,0.6114926234349453
0.8749837752274296,0.14287833478977996,0.9269546900165073,0.564241994511509,0.6087050430711569
0.879022516830878,0.13762728582343908,0.9295507929090985,0.5632277410983162,0.605913894533566
0.8830799004185563,0.13240036323556525,0.932142177777665,0.5621930056296832,0.6031193728085736
0.8871560120379545,0.12719745617551848,0.9347287506183665,0.5611379274938992,0.6003216731299647
0.891250938133739,0.12201845430197156,0.9373104180778801,0.5600626498090407,0.5975209909194733
0.8953647655495873,0.11686324778056911,0.9398870874704418,0.5589673193641372,0.5947175217275406
0.8994975815300286,0.11173172728159941,0.9424586667946128,0.5578520865587896,0.591911461174308
0.9036494737222949,0.10662378397767447,0.9450250647497653,0.5567171053412824,0.589103004890877
0.9078205301781791,0.10153930954142298,0.9475861907522797,0.5555625331452566,0.5862923484608833
0.9120108393559031,0.09647819614319308,0.950141954951446,0.5543885308249851,0.5834796873624166
0.916220490121993,0.09144033644876459,0.9526922682450661,0.5531952625893096,0.5806652169103237
0.9204495717531646,0.08642562361707351,0.955237042294746,0.5519828959342908,0.5778491321989292
0.9246981739382159,0.08143395129794584,0.9577761895408775,0.5507516015746311,0.5750316280452128
0.9289663867799296,0.07646521362984271,0.9603096232173005,0.5495015533739199,0.5722128989324704
0.9332543007969842,0.07151930523761418,0.9628372573656407,0.5482329282737703,0.5693931389545066
0.9375620069258734,0.06659612123026548,0.9653590068493201,0.5469459062218855,0.5665725417603699
0.9418895965228344,0.06169555719873254,0.9678747873672321,0.5456406700991318,0.5637513004996835
0.9462371613657861,0.05681750921366624,0.9703845154670804,0.5443174056456643,0.5609296077685917
0.9506047936562745,0.05196187382323059,0.9728881085583734,0.5429763013861695,0.5581076555563541
0.954992586021429,0.04712854805090716,0.9753854849250753,0.541617548554278,0.5552856351926159
0.9594006315159261,0.042317429393311734,0.9778765637379044,0.540241341016216,0.5524637372953897
0.9638290236239635,0.037528415818020244,0.9803612650662804,0.5388478751937358,0.5496421517197594
0.9682778562612421,0.03276140576140496,0.9828395098899134,0.5374373499864108,0.5468210675073578
0.972747223776958,0.0280162981264811,0.9853112201100358,0.5360099666933277,0.5440006728366171
0.9772372209558036,0.02329299228076165,0.98777631856027,0.5345659289342504,0.5411811549738357
0.9817479430199773,0.018591388054124414,0.9902347290171334,0.5331054425703103,0.538362700225076
0.9862794856312033,0.013911385736686821,0.9926863762101775,0.5316287156242779,0.5355454938889161
0.9908319448927604,0.009252886076691835,0.9951311858317573,0.5301359582004764,0.5327297202100792
0.9954054173515197,0.004615790278402532,0.9975690845464331,0.5286273824043993,0.5299155623339625
0.9999999999999927,7.327471962526033e-15,1.0,0.5271032022620769,0.5271032022620769
